Reference Number ,Responsible,Previous responsible,Accounting code,Type,Status,PPG Outcome ,Title,Objective,Beneficiary,Region,DAC,ACP,Sector,Implementing entity,Partners,Approval date,Approval year,Start date,Start year,End date (contract),Extension,Actual end date,End year,Actions since last WG,Action required, Total STDF (US$) ,Implementation budget (US$),Overhead (US$),Non STDF contribution (US$), Total project value (US$) , Budget (EUR) , Budget (CHF) ,,,Comments,1,2,3,4,5,6,7,8,9,10
STDF/PG/005,,Melvin,TWB010004,PG,Completed,,STDF Database,Establish a database covering the period 2001-2003 to help reduce duplication and gaps in activities and to track SPS-related technical assistance flows and trends.,Global,Global,Non LDC/OLIC,No,General SPS,,,2003-06-01,2003,01/07/2003,2003,01-Dec-05,,01-Dec-05,2005,Completed.,None required.,"$45,100","$45,100",,,"$45,100",,,,,Beneficiary's contribution not costed,1. STDF/PG/005 - Application form,2. STDF/PG/005 - Final report (Oct-06),,,,,,,,
STDF/PG/009,,Melvin,TWB010009,PG,Completed,,Model programme for developing food standards within a risk analysis framework ,Strengthen capacity of low income countries in the Asia Pacific Region to develop food standards based on international requirements and participate in Codex activities.,Asia Pacific countries,Asia and Pacific,Non LDC/OLIC,No,Food Safety,"Food and Agriculture Organization of the United Nations (FAO)
","World Health Organization (WHO)
Food Standards Australia New Zealand (FSANZ) ",2003-11-01,2003,01/03/2005,2005,01-Sep-06,,01-Sep-06,2006,Completed.,None required.,"$70,848","$70,848",,"$27,000","$97,848",,,,,Beneficiary's contribution not costed. No additional payment authorized because the project was not satisfactorily completed.,1. STDF/PG/009 - Application form,2. STDF/PG/009 - Final report (Jul-06),3. STDF/PG/009 - Training manual,,,,,,,
STDF/PG/010,,Melvin,TWB010010,PG,Completed,,"Support pilot activities for national implementation of the International Portal on Food Safety, Animal and Plant Health","Develop a portal implementation handbook to assist countries in the establishment of national windows for International Portal on Food Safety, Animal and Plant Health (IPFSAPH) for the exchange of official legislation and regulations on food safety, animal and plant health.","Turkey
Uganda",Global,Non LDC/OLIC,No,General SPS,Food and Agriculture Organization of the United Nations (FAO),"Ministry of Agriculture and Rural Affairs, Turkey
National Bureau of Standards, Uganda
",2003-11-01,2003,01/03/2005,2005,01-Sep-06,,01-Sep-06,2006,Completed.,None required.,"$59,400","$59,400",,"$64,000","$123,400",,,,,Beneficiary's contribution not costed,1. STDF/PG/010 - Application form,2. STDF/PG/010 - Final report (Dec-07),3. STDF/PG/010 - Practical guide,,,,,,,
STDF/PG/013,,Melvin,TWB010019,PG,Completed,,Development of Regional Action Plans to Enhance Veterinary Capacity in East and West Africa,"Develop regional strategies to strengthen veterinary capacity in East and West Africa with emphasis on enhancing private and public sector capacity to improve surveillance, reporting, control and implementation of international standards.","Mali
Ethiopia
Djibouti",Africa,LDC,Yes,Animal Health,World Organization for Animal Health (OIE),"Food and Agriculture Organization of the United Nations (FAO)
",2004-09-01,2004,01/10/2006,2006,31-Jul-08,,31-Jul-08,2008,Completed and evaluated.,None required.,"$329,400","$305,000","$24,400",,"$329,400",,,,,,1. STDF/PG/013 - Application form,2. STDF/PG/013 - First phase report (Nov-07),3. STDF/PG/013 - Final report (Jul-08),4. STDF/PG/013 - Independent evaluation (Feb-10),,,,,,
STDF/PG/014,,Melvin,TWB010008,PG,Completed,,Evaluation of capacity of national veterinary services ,"Develop a veterinary capacity evaluation tool based on the Inter-American Institute for Coperation on Agriculture (IICA) Performance, Vision and Strategy document.",Latin America and Caribbean,Latin America and Caribbean,Non LDC/OLIC,No,Animal Health,World Organization for Animal Health (OIE),Inter-American Institute for Coperation on Agriculture (IICA),2003-11-01,2003,01/05/2004,2004,01-May-06,,01-May-06,2006,Completed and evaluated.,None required.,"$39,960","$39,960",,,"$39,960",,,,,,1. STDF/PG/014 - Application form,2. STDF/PG/014 - Final report (Nov-06),3. STDF/PG/014 - Independent evaluation (Jul-07) ,4. STDF/PG/014 - Website,,,,,,
STDF/PG/015,,Melvin,TWB010014,PG,Completed,,Expanding SPS capacities at national and regional levels in the fields of animal health ,Develop a training programme for OIE delegates and form a core group of individuals to deliver training for veterinary officials. ,"Mali
Thailand
Egypt
CIS
Latin America",Global,Non LDC/OLIC,No,Animal Health,World Organization for Animal Health (OIE),"Ecole Nationale des Services Veterinaires (ENSV)
World Health Organization's Collaborating Centre for the Training of Official Veterinarians, Lyon, France
",2004-09-01,2004,01/09/2004,2004,01-Dec-07,,01-Dec-07,2007,Completed and evaluated.,None required.,"$130,614","$130,614",,,"$130,614",,,,,"Two contracts - one in USD, one in CHF. The amount spent on USD only corresponds to the first contract in USD",1. STDF/PG/015 - Application form,2. STDF/PG/015 - Final report (Apr-07),3. STDF/PG/015 - Independent evaluation (Apr-08),,,,,,,
STDF/PG/019,,Simon,TWB010011,PG,Completed,,Model arrangements for SPS stakeholder involvement at the national level,Improve SPS-related information flows and information sharing between the public and private sector with positive spin-offs for market access.,"Sri Lanka
Paraguay",Global,Non LDC/OLIC,No,General SPS,Abt Associates,,2004-09-01,2004,01/12/2004,2004,01-Apr-07,,01-Apr-07,2007,Completed and evaluated.,None required.,"$291,218","$291,218",,,"$291,218",,,,,Unspent funds of US$560.98 resubmitted to STDF Trust Fund.,1. STDF/PG/019 - Application form (English),2. STDF/PG/019 - Application form (Spanish),3. STDF/PG/019 - Phase 1 report (Nov-05),4. STDF/PG/019 - Phase 2 report (Feb-07),5. STDF/PG/019 - Final report (Mar-08) - English,6. STDF/PG/019 - Final report (Mar-08) - Spanish,7. STDF/PG/019 - Independent evaluation (May-09),,,
STDF/PG/020,,Simon,TWB010012,PG,Completed,,Country-based plans for SPS-related development,Carry out baseline studies of SPS capacity and apply cost-benefit analysis to examine returns on investment in terms of foreign trade.,"Peru
Uganda",Global,Non LDC/OLIC,No,General SPS,Agra CEAS Consulting ,,2003-11-01,2003,01/11/2004,2004,01-Mar-07,,01-Mar-07,2007,Completed and evaluated.,None required.,"$170,862","$170,862",,,"$170,862","EUR 141,390",,,,,1. STDF/PG/020 - Application form,2. STDF/PG/020 - Peru - Cost benefit analysis (Mar-08) - Spanish,3. STDF/PG/020 - Peru - Cost benefit analysis (Mar-08) - English,4. STDF/PG/020 - Peru - Final report (Mar-08),5. STDF/PG/020 - Independent evaluation (Feb-09),,,,,
STDF/PG/037,,Melvin,TWB010018,PG,Completed,,Assistance to developing countries in the implementation of ISPM 15 ,Train 171 delegates on implementation of the International Standard for Phytosanitary Measure ISPM 15 (Guidelines for regulating wood packaging material in international trade) to ensure minimal trade disruptions.,"Global
",Global,Non LDC/OLIC,No,Plant Health,"Food and Agriculture Organization of the United Nations (FAO)
International Plant Protection Convention (IPPC)",,2004-09-01,2004,01/11/2004,2004,01-Mar-06,,01-Mar-06,2006,Completed and evaluated.,None required.,"$332,000","$332,000",,"$30,500","$362,500",,,,,Not all the money has been spent. ,1. STDF/PG/037 - Application form,2. STDF/PG/037 - Independent evaluation (Jun-07),,,,,,,,
STDF/PG/048,,Kenza,TWB010148,PG,Completed,,Improving shea and cashew nut production in Benin,Apply good agricultural practices to overcome problems of mycotoxin contamination in shea and cashew nut production in Benin.,Benin,Africa,LDC,Yes,Food Safety,Centre de Recherches Agricoles d'Agonkanmey (CRA- Agonkanmey),Food and Agriculture Organization of the United Nations (FAO),2007-11-07,2007,01/06/2008,2008,31-May-10,15-Oct-10,15-Oct-10,2010,Completed.,None required.,"$512,139","$455,575","$56,564","$48,400","$560,539",,,,,"Unspent funds of $27,218 resubmitted to STDF Trust Fund.",1. STDF/PPG/038 - Application form,2. STDF/PPG/038 - Final report,,,,,,,,
STDF/PG/056,Melvin,,TWB010027,PG,Completed,,Capacity building to enhance implementation of the Codex Code of Practice on Animal Feeding,"Strengthen implementation of  good animal feeding practices and good manufacturing practices through development of training manuals, regional workshops in Africa, Latin America and Asia and extensive country-level training for the feed industry.",Developing countries,Global,Non LDC/OLIC,No,Food Safety,International Feed Industry Federation (IFIF),,2005-03-09,2005,01/06/2005,2005,01-Nov-06,,01-Nov-06,2006,Update received from IFIF in Feb-13. Arabic and Chinese language versions completed. French and Spanish versions to be completed shortly. External evaluation completed.,Follow-up on outstanding language versions (F and S). Disburse last part of project funds (50%) upon receipt of approved translations of Feed Manual.,"$150,000","$150,000",,"$70,000","$220,000",,,,,,1. STDF/PPG/046 - Final project proposal,,,,,,,,,
STDF/PG/062,,Kenza,TWB010162,PG,Completed,Coming from PPG,Strengthening food safety in Cameroon,Reactivate the national committee on food safety and  train public and private sector stakeholders in Cameroon.,Cameroon,Africa,Non LDC/OLIC,Yes,Food Safety,Food and Agriculture Organization of the United Nations (FAO),,2007-11-07,2007,01/09/2008,2008,30-Aug-10,31-Dec-10,31-Dec-10,2010,Completed.,None required.,"$499,480","$445,964","$53,516","$260,488","$759,968",,,,,,1. STDF/PG/048 - Application form (French),2. STDF/PG/048 - Inception report,3. STDF/PG/048 - Progress report (Jan-09),4. STDF/PG/048 - Progress report (May-09),5. STDF/PG/048 - Progress report (Dec-09),6. STDF/PG/048 - Impact Study (Dec-09),7. STDF/PG/048 - Progress report (Jul-10),8. STDF/PG/048 - Progress report (Dec-10),9. STDF/PG/048 - Technical report (Feb-11),
STDF/PG/065,,Melvin,TWB010038,PG,Completed,Coming from PPG,Develop a public/private safety control system for the horticultural export sector in Guinea,Assist the public and private sector to meet official and commercial standards for fruit and vegetable exports through development of a food safety control system. ,Guinea,Africa,LDC,Yes,Food Safety,United Nations Conference on Trade and Development (UNCTAD) ,,2005-09-06,2005,01/12/2005,2005,30-Nov-07,30-Jun-10,30-Jun-10,2010,Completed.,None required.,"$572,724","$530,300","$42,424",,"$572,724",,,,,Became STDF 170,1. STDF/PPG/052 - Application form,2. STDF/PPG/052 - Final project proposal - Malawi,3. STDF/PPG/052 - Final project proposal - Zambia,4. STDF/PG/052 - Independent evaluation report - Malawi,,,,,,
STDF/PG/069,,Melvin,TWB010087,PG,Completed,Coming from PPG,Improving safety and quality of Yemeni seafood exports,"Enable the Yemeni Seafood Exporter's Association (YSEA) to develop the capacity of its members to better meet the commercial requirements of SPS measures, thereby improving the quality and safety of seafood products emerging from Yemen. 
",Yemen,Middle East,LDC,No,Food Safety,Yemeni Seafood Exports Association (YSEA),"International Trade Centre (ITC)
Ministry of Fish Wealth (MFW), Yemen
World Bank",2007-06-29,2007,01/08/2007,2007,31-Jul-09,31-Dec-09,31-Dec-09,2009,Completed.,None required.,"$464,560","$398,750","$65,810","$80,975","$545,535",,,,,,1. STDF/PG/056 - Application form,2. STDF/PG/056 - Final report (Feb-07),3. STDF/PG/056 - Manual on Good Practices for the Feed Industry,4. STDF/PG/056 - Independent evaluation (May-07),5. STDF/PG/056 - Website,,,,,
STDF/PG/079,,Melvin,TWB010039,PG,Completed,,Quality information on SPS issues - a prerequisite for capacity building,"Improve the sharing of information on Codex, OIE and IPPC standards (and supporting scientific evaluations) through the International Portal on Food Safety, Animal and Plant Health (IPSAPH).",Developing countries,Global,Non LDC/OLIC,No,General SPS,Food and Agriculture Organization of the United Nations (FAO),"
",2005-09-06,2005,01/04/2006,2006,31-May-08,30-Jun-09,30-Jun-09,2009,Completed. ,None required.,"$470,000","$435,185","$34,815","$250,000","$720,000",,,,,Became STDF 146,1. STDF/PPG/061 - Final project proposal,,,,,,,,,
STDF/PG/089,,Melvin,TWB010032,PG,Completed,,International Plant Health Risk Analysis Workshop,Enhance expertise and capacity of countries and National Plant Protection Organizations (NPPOs) to conduct pest risk analysis (PRA).,Developing and least developed countries ,Global,Non LDC/OLIC,No,Plant Health,Food and Agriculture Organization of the United Nations (FAO),,2005-09-06,2005,01/10/2005,2005,01-May-07,,01-May-07,2007,Completed and evaluated.,None required.,"$147,000","$147,000",,"$127,000","$274,000",,,,,,1. STDF/PPG/062 - Final project proposal,,,,,,,,,
STDF/PG/108,,Simon,TWB010108,PG,Completed,,Improving institutional capacity in the Americas to participate in the SPS Committee,"Promote more active and effective participation of Latin American countries in the SPS Committee through 
a regional review of SPS compliance structures and practices.
",Latin America and Caribbean,Latin America and Caribbean,Non LDC/OLIC,No,General SPS,"Inter-American Institute for 
Cooperation on Agriculture (IICA)
",,2006-10-16,2006,01/10/2007,2007,30-Sep-09,31-Jul-10,31-Jul-10,2010,Completed.,None required.,"$575,588","$575,588",,"$84,000","$659,588",,,,,Three different contracts. ,1. STDF/PG/062 - Application form,2. STDF/PG/062 - Status report (Sep-08),3. STDF/PG/062 - Status report (Jan-09),3. STDF/PG/062 - Status report (Nov-09),4. STDF/PG/062 - Status report (Jun-10),5. STDF/PG/062 - Status report (Dec-10),6. STDF/PG/062 - Final report,,,
STDF/PG/114,,Simon,TWB010053,PG,Completed,,Aflatoxin management in Brazil nut production,"Validate and transfer to stakeholders a sustainable and effective safety management system for reducing and controlling aflatoxin occurrence along the Brazil nut production chain, as a means to recover and consolidate market access, particularly in the European Union (EU).",Brazil,Latin America and Caribbean,Non LDC/OLIC,No,Food Safety,Centre de Coopération Internationale en Recherche Agronomique pour le Développement (CIRAD),"Brazilian Enterprise for Agricultural Research (EMBRAPA)
Ministry of Agriculture, Livestock and Supply (MAPA), Brazil
National Food Administration, Sweden
Central Science Laboratory, United Kingdom 

",2006-02-03,2006,01/06/2006,2006,31-May-08,30-Nov-08,30-Nov-08,2008,Completed and evaluated.,None required.,"$619,664","$619,664",,"$206,555","$826,219",,,,,,1. STDF/PPG/063 - Final project proposal,,,,,,,,,
STDF/PG/116,Simon,,TWB010240,PG,Completed,Coming from PPG,Development and Implementation of a Movement Control System for Cattle in Costa Rica,Develop a framework for a mandatory nationwide traceability and monitoring system to register and track the movement of cattle throughout the country which ultimately strengthened the National Epidemiological Surveillance Program and provided the foundation for national expansion.,Costa Rica,Latin America and Caribbean,Non LDC/OLIC,No,Animal Health,"Inter-American Institute for Cooperation on Agriculture (IICA)
","Canadian International Development Agency (CIDA)
Ministry of Agriculture and Livestock, Costa Rica
National Animal Health Service (SENASA)
National Livestock Corporation (CORFOGA)

",2008-10-10,2008,01/03/2009,2009,28-Feb-11,30-Aug-11,30-Aug-11,2011,External evaluation report approved (Sep-13).,Evaluation report to be presented (WG meeting Oct-13).,"$455,220","$455,220",,"$199,380","$654,600",,,,,Beneficiary's contribution not costed,1. STDF/PPG/064 - Final project proposal,,,,,,,,,
STDF/PG/120,,Melvin,TWB010051,PG,Completed,,Risk analysis and risk assessment training in India,Enhance knowledge and skills of Indian officials on risk analysis and risk assessment procedures.,India,Asia and Pacific,Non LDC/OLIC,No,General SPS,"sa.qual Regulatory Affairs Services GmbH 
Canadian Food Inspection Agency (CFIA)
David Wilson",,2006-02-03,2006,01/11/2006,2006,31-Oct-07,,31-Oct-07,2007,Completed and evaluated.,None required.,"$95,060","$95,060",,"$15,360","$110,420",,,,,,1. STDF/PPG/065 - Final project proposal,,,,,,,,,
STDF/PG/126,Kenza,,TWB010262,PG,Completed,Coming from PPG,Establish the Horticulture Development Council of Tanzania (HODECT),"Assist HODECT to become a competent and efficient public-private institution guiding the development of the horticulture sub-sector to effectively contribute to poverty reduction and rapid economic growth. 
",Tanzania,Africa,LDC,Yes,Plant Health,Tanzania Horticulture Association (TAHA),"Government of Tanzania 
International Trade Center (ITC)
",2008-06-26,2008,01/07/2009,2009,28-Feb-11,31-Aug-11,31-Aug-11,2011,Completed. Perform external evaluation (decision WG Mar-12).,Initiate external evaluation.,"$299,281","$253,755","$45,526",,"$299,281",,,,,"Unspent funds of US$ 30,268.25 resubmitted by the FAO to STDF Trust Fund. ",1. STDF/PG/065 - Application form,2. STDF/PG/065 - Progress report (May-07) - French,3. STDF/PG/065 - Status report (Sep-08),4. STDF/PG/065 - Progress report (Dec-09),5. STDF/PG/065 - Final report (Sep-10),,,,,
STDF/PG/127,,Kenza,TWB010127,PG,Completed,Coming from PPG,SPS information system in Benin,"Improve information flows on SPS requirements, particularly in the private sector in Benin.",Benin,Africa,LDC,Yes,General SPS,"Chamber of Commerce, Benin",Food and Agriculture Organization of the United Nations (FAO),2007-11-07,2007,01/09/2008,2008,01-Aug-10,28-Feb-11,28-Feb-11,2011,Completed.,None required.,"$402,965","$359,790","$43,175","$46,400","$449,365",,,,,Previously PPG 103,1. STDF/PPG/066 - Final project proposal,,,,,,,,,
STDF/PG/133,,Simon,TWB010133,PG,Completed,,Building capacity to use the Phytosanitary Capacity Evaluation (PCE) Tool in the Pacific,"Improve the capacity of the island countries of the Pacific Community to systematically evaluate the gaps in the application of phytosanitary measures through their plant protection and/or biosecurity services, and formulate measures to address them. 
",South Pacific Forum Members,Asia and Pacific,Non LDC/OLIC,Yes,Plant Health,Secretariat of the Pacific Community (SPC),"Food and Agriculture Organization of the United Nations (FAO)
International Plant Protection Convention (IPPC) 
National Plant Protection Organizations (Pacific Region)
Pacific Plant Protection Organization (PPPO)


",2006-10-16,2006,01/08/2007,2007,31-Jul-09,31-Dec-09,31-Dec-09,2009,Completed and evaluated.,None required.,"$230,215","$179,000","$51,215","$57,430","$287,645",,,,,,1. STDF/PPG/069 - Application form,2. STDF/PPG/069 - Final project proposal,,,,,,,,
STDF/PG/134,Kenza,,TWB010110,PG,Completed,,Improving fish trade performance in West Africa,"Further develop capacity in selected countries related to the export of fishery products through the construction of a technical and trade information database. 
","Benin
The Gambia
Mauritania
Senegal
Sierra Leone",Africa,LDC,Yes,Food Safety,"Food and Agriculture Organization of the United Nations (FAO)
",Intergovernmental Organization for Marketing Information and Co-operation Service for Fishery Products in Africa (INFOPECHE) ,2007-03-02,2007,01/06/2008,2008,31-Mar-10,30-Jun-10,30-Jun-10,2010,External evaluation completed. Evaluation report approved.,Evaluation report to be presented (WG meeting Oct-13).,"$523,840","$469,000","$54,840","$180,500","$704,340",,,,,Previously PPG 102,1. STDF/PG/069 - Application form,2. STDF/PG/069 - Inception report,3. STDF/PG/069 - Progress report (Jan-08),4. STDF/PG/069 - Progress report (Aug-08),5. STDF/PG/069 - Progress report (Jan-09),6. STDF/PG/069 - Progress report (Jul-09),7. STDF/PG/069 - Final report (Dec-09),,,
STDF/PG/145,,Melvin,TWB010065,PG,Completed,Coming from PPG,Rwanda Horticulture Export Standards Initiative (RHESI),"Expand Rwanda's presence in international and regional export markets for fruits, vegetables and flowers by establishing a sound SPS management system with particular focus on plant health management.
",Rwanda,Africa,LDC,Yes,Plant Health,"Michigan State University (MSU)

","Bureau of Standards, Rwanda
Horticultural Development Authority, Rwanda 
Ministry of Agriculture & Animal Resources, Rwanda ",2006-06-08,2006,01/05/2007,2007,30-Apr-09,30-May-09,30-May-09,2009,Completed and evaluated.,None required.,"$589,845","$526,647","$63,198","$52,700","$642,545",,,,,Beneficiary's contribution not costed,1. STDF/PG/079 - Application form,2. STDF/PG/079 - Status report (Jun-07),3. STDF/PG/079 - Status report (Oct-08),4. STDF/PG/079 - Final report (Nov-09),,,,,,
STDF/PG/146,,Panos,TWB010063,PG,Completed,Coming from PPG,Strengthening phytosanitary controls in Mali,"Expand international market access for fresh produce, with an emphasis on mango export, through improved phytosanitary control capacity.",Mali,Africa,LDC,Yes,Plant Health,"Food and Agriculture Organization of the United Nations (FAO)
Ministry of Trade, Mali",United Nations Development Programme (UNDP),2006-06-08,2006,01/01/2007,2007,31-Dec-08,28-Feb-10,28-Feb-10,2010,Completed.,None required.,"$560,304","$518,800","$41,504","$35,496","$595,800",,,,,,1. STDF/PPG/088 - Application form,2. Became project STDF/PG/170,,,,,,,,
STDF/PG/155,Simon,,TWB010311,PG,Completed,Coming from PPG,Market-Oriented Training Service on Standards Application (MOTSSA),"Establish SPS demonstration plots, develop training manuals and undertake quality and good process controls for pilot products in Nicaragua.",Nicaragua,Latin America and Caribbean,Non LDC/OLIC,No,General SPS,Inter-American Institute for Cooperation on Agriculture (IICA),,2008-10-10,2008,01/06/2010,2010,31-May-12,31-Dec-12,31-Dec-12,2012,Final project report received and approved (Jul-13).,Consider external evaluation (WG meeting Oct-13).,"$560,994","$519,439","$41,555","$203,650","$764,644",,,,,,1. STDF/PG/089 - Application form,2. STDF/PG/089 - Final report (Nov-07),3. STDF/PG/089 - Independent evaluation (May-08),,,,,,,
STDF/PG/170,,Marlynne,TWB010170,PG,Completed,Coming from PPG,SPS Capacity Building in Nepal,"Reduce food safety risks for domestic consumers, enhance the protection of animals and plants, and promote economic development through increased food and agricultural exports that meet international SPS requirements. 
",Nepal,Asia and Pacific,LDC,No,General SPS,"Food and Agriculture Organization of the United Nations (FAO)
","Ministry of Agriculture and Cooperatives (MoAC), Nepal 
",2007-03-02,2007,01/04/2008,2008,31-Jul-10,31-Jul-10,31-Jul-10,2010,Completed.,None required.,"$389,648","$347,900","$41,748","$35,050","$424,698",,,,,,1. STDF/PPG/100 - Application form,2. STDF/PPG/100 - Final report,,,,,,,,
STDF/PG/171,Melvin,,TWB010171,PG,Completed,Coming from PPG,Regional Centre of Phystosanitary Excellence (COPE),"Enhance the capacity of national phytosanitary systems in East Africa to effectively implement international phytosanitary standards to be able to compete in international markets, and protect agriculture and natural resources. ","Kenya  
East Africa",Africa,OLIC,Yes,Plant Health,Centre for Agricultural Bioscience International (CABI),"Food and Agriculture Organization of the United Nations (FAO)
Kenya Plant Health Inspectorate Services (KEPHIS)
Inter-African Phytosanitary Council (IAPSC)
International Plant Protection Convention  Secretariat (IPPC)
Netherlands Plant Protection Service (NPPS)
University of Nairobi",2007-11-07,2007,26/05/2008,2008,25-May-10,30-Nov-10,30-Nov-10,2010,Completed.,Liaise with development partners on using the services of COPE in future projects.,"$763,880","$699,375","$64,505","$87,360","$851,240",,,,,,1. STDF/PPG/101 - Application form,2. STDF/PPG/101 - Final project proposal,,,,,,,,
STDF/PG/172,Simon,,TWB010322,PG,On-going,Coming from PPG,Expanding exports of sesame seeds and sheanut butter in Nigeria,"Identify critical control points and factors along the Nigerian sesame seed and shea nut production chain and develop predictive models for aflatoxin production and fungal growth, pesticide residues and other contaminants.
",Nigeria,Africa,OLIC,Yes,Food Safety,"Nigeria Export Promotion Council (NEPC)

",International Trade Centre (ITC),2009-12-10,2009,01/10/2010,2010,30-Sep-12,30-Sep-13,30-Sep-13,2013,Awaiting final project report (due Oct-13).,Approve final project report.,"$364,240","$364,240",$0,"$180,800","$545,040",,,,,"Budget increase (USD40,000) approved by WG in Dec-12",1. STDF/PPG/102 - Application form,2. Became project STDF/PG/146,,,,,,,,
STDF/PG/173,,Melvin,TWB010173,PG,Completed,,Assessing capacity building needs of food control systems in developing APEC member countries,Train food safety regulators from developing member countries in Asia Pacific Economic Cooperation (APEC) using FAO's food safety capacity evaluation tools.,APEC countries,Global,Non LDC/OLIC,No,Food Safety,Food Standards Australia New Zealand (FSANZ),,2007-03-02,2007,01/08/2007,2007,30-Apr-09,,30-Apr-09,2009,Completed and evaluated.,None required.,"$97,500","$97,500",$0,"$79,000","$176,500",,,,,,1. Became project STDF/PG/145,,,,,,,,,
STDF/PG/230,,Melvin,TWB010263,PG,Completed,,"Establishment of Coconut Lethal Yellowing Disease (CLYD) Pest Free Areas in Mozambique
","Establish lethal yellowing-free areas in the south of Mozambique and determine the phytosanitay measures that would be needed in declaring the southern region a CLYD free area.          
",Mozambique,Africa,LDC,Yes,Plant Health,"Food and Agriculture Organization of the United Nations (FAO)
","Eduardo Mondlane University (EMU)
International Plant Protection Convention (IPPC)
Ministry of Agriculture, Mozambique 



",2008-06-26,2008,01/07/2009,2009,28-Feb-11,31-Jul-11,31-Jul-11,2011,Completed. ,None required.,"$365,711","$326,528","$39,183","$39,000","$404,711",,,,,,1. STDF/PPG/105 - Application form,2. Became project STDF/PG/265 (Brazil),,,,,,,,
STDF/PG/238,Simon,,TWB010287,PG,Completed,,Accredited HACCP certification schemes for processed food products in Guatemala,Implement accredited inspection and certificates recognized by the competent authorities for Good Manufacturing Practices and HACCP in selected products.,Guatemala,Latin America and Caribbean,Non LDC/OLIC,No,Food Safety,"Asociación Guatemalteca de Exportadores (AGEXPORT), Guatemala
",Organismo Internacional Regional de Sanidad Agropecuaria (OIRSA),2009-02-27,2009,01/02/2010,2010,30-Jan-12,30-Apr-12,30-Apr-12,2012,Completed.,Consider external evaluation (WG meeting Oct-13).,"$422,118","$398,225","$23,893","$166,534","$588,652",,,,,,1. STDF/PG/108 - Application form (English),2. STDF/PG/108 - Application form (Spanish),3. STDF/PG/108 - First progress report (Apr-08),4. STDF/PG/108 - Second progress report (Sep-08),5. STDF/PG/108 - Third progress report (Apr-09),6. STDF/PG/108 - Fourth progress report (Oct-09),7. STDF/PG/108 - Final report (Jul-10),,,
STDF/PG/242,Kenza,,TWB010416,PG,On-going,Coming from PPG,Strategy to strengthen the SPS system in Comoros,Build SPS capacity in the country in a comprehensive and systematic manner in order to increase its market access for potential agricultural products and fisheries.,Comoros ,Africa,LDC,Yes,General SPS,United Nations Development Programme (UNDP),,2012-03-30,2012,17/09/2012,2012,16-Sep-15,,16-Sep-15,2015,Report of inception workshop (Jun-13) received.,Approve first progress report (due Oct-13).,"$1,106,030","$1,033,673","$72,357",,"$1,106,030",,,,,"Voucher UBS: 408,535USD",1. STDF/PPG/113 - Application form (English),2. STDF/PPG/113 - Application form (French),3. STDF/PPG/113 - Final project proposal,,,,,,,
STDF/PG/246,Marlynne,,TWB010248,PG,Completed,,SPS Action Plan for Cambodia,"Prepare an SPS Action Plan for Cambodia – including priorities for public sector policies, regulatory and institutional adjustments, and public and private investments for managing SPS measures – for submission to the government and other stakeholders. 
",Cambodia,Asia and Pacific,LDC,No,General SPS,"Food and Agriculture Organization of the United Nations (FAO)
","Ministry of Agriculture, Forestry and Fisheries, Cambodia
Ministry of Commerce, Cambodia
Ministry of Health, Cambodia
Ministry of Industry, Mines and Energy, Cambodia
",2008-06-26,2008,20/04/2009,2009,30-Jul-10,30-Jul-10,30-Jul-10,2010,External evaluation report approved (Jun-13).,Evaluation report to be presented (WG meeting Oct-13).,"$199,360","$178,000","$21,360",$0,"$199,360",,,,,,1. STDF/PG/114 - Application form,2. STDF/PG/114 - Progress report (Oct-06),3. STDF/PG/114 - Progress report (Feb-07),4. STDF/PG/114 - Progress report (Oct-07),5. STDF/PG/114 - Progress report (Mar-08),6. STDF/PG/114 - Final report (May-09),7. STDF/PG/114 - Project website,8. STDF/PG/114 - Evaluation report (Jun-10),,
STDF/PG/255,Melvin,,TWB010255,PG,Completed,,Regional initiative on the fight against fruit fly in West Africa,Conduct tests in pilot mango orchards using different fruit fly control and other Integrated Pest Management techniques to monitor and control fruit fly populations in 8 pilot countries.,"Benin
Burkina Faso
Côte d'Ivoire
The Gambia
Ghana
Guinea
Mali
Senegal",Africa,LDC,Yes,Plant Health,Centre de Coopération Internationale en Recherche Agronomique pour le Développement (CIRAD),World Bank,2008-10-10,2008,01/04/2009,2009,31-Mar-10,,31-Mar-10,2010,Completed. Perform external evaluation (decision WG Mar-12).,Initiate external evaluation (in combination with STDF/PG/287 and STDF/PG/313).,"$313,220","$279,620","$33,600","$381,320","$694,540",,,,,13-may-09 update,1. STDF/PPG/116 - Terms of reference (Spanish),2. STDF/PPG/116 - Final project proposal (Spanish),,,,,,,,
STDF/PG/259,Marlynne,,TWB010293,PG,Completed,,Strengthening SPS Capacities for Trade in Viet Nam,Improve safety and quality for fresh vegetables through a value chain approach to increase trade opportunities. ,Viet Nam,Asia and Pacific,OLIC,No,General SPS,"Food and Agriculture Organization of the United Nations (FAO)
Fruit and Vegetable Research Institute (FAVRI)",,2009-06-26,2009,01/03/2010,2010,29-Feb-12,31-Aug-12,31-Aug-12,2012,Final project report received and approved (Jul-13).,Consider external evaluation (WG meeting Oct-13).,"$533,770","$476,580","$57,190","$107,700","$641,470",,,,,,1. STDF/PG/116 - Application form,2. STDF/PG/116 - Inception report,3. STDF/PG/116 - Progress report (Aug-09),4. STDF/PG/116 - Progress report (Feb-10),5. STDF/PG/116 - Progress report (Aug-10),6. STDF/PG/116 - Final report,7. STDF/PG/116 - Project video,,,
STDF/PG/283,Simon,,TWB010307,PG,Completed,,Support for SPS risk assessment in the mango export sector in Mali,Improve Mali's capacity to comply with international and private SPS requirements in the mango sector.,Mali,Africa,LDC,Yes,Food Safety,"Agence Nationale de la Sécurité Sanitaire des Aliments (ANSSA), Mali",World Bank,2009-12-10,2009,15/05/2010,2010,15-May-12,15-Nov-12,15-Nov-12,2012,"Final project report received and approved (Aug-13). Unspent funds (CHF 44,056) returned to STDF.",Consider external evaluation (WG meeting Oct-13).,"$474,208","$423,400","$50,808","$53,813","$528,021",,,,,"Second and third payments done together; Voucher UBS: 186,861.89",1. STDF/PG/120 - Application form,2. STDF/PG/120 - Progress report on food safety (Dec-06),3. STDF/PG/120 - Progress report on plant health (Apr-07),4. STDF/PG/120 - PRA training manual,5. STDF/PG/120 - Independent evaluation (May-08),,,,,
STDF/PG/284,Simon,,TWB010315,PG,Completed,,Strengthening the National SPS Committee of Honduras,Support the implementation of the National SPS Agenda developed by the National SPS Committee and consolidate and develop institutional SPS capacities.,Honduras,Latin America and Caribbean,Non LDC/OLIC,No,General SPS,Organismo Internacional Regional de Sanidad Agropecuaria (OIRSA),,2010-03-19,2010,01/07/2010,2010,30-Jun-12,28-Feb-13,28-Feb-13,2013,Final project report received (Aug-13).,Approve final project report.,"$273,035","$257,580","$15,455","$69,320","$342,355",,,,,,1. STDF/PPG/126 - Final project proposal,,,,,,,,,
STDF/PG/287,Melvin,,TWB010258,PG,Completed,,Information sharing initiative on the actions to control fruit fly in Sub-Saharan Africa,Facilitate the publication of a newsletter on fruit fly control in Sub-Saharan Africa featuring on-going initiatives and technical advances in the area.,Sub-Saharan Africa,Africa,Non LDC/OLIC,Yes,Plant Health,Comité de Liaison Europe-Afrique-Caraïbes-Pacifique (COLEACP) pour la Promotion des Exportations Horticoles,Centre de Coopération Internationale en Recherche Agronomique pour le Développement (CIRAD),2009-02-27,2009,01/06/2009,2009,30-Apr-11,,30-Apr-11,2011,Completed. Perform external evaluation (decision WG Mar-12).,Initiate external evaluation (in combination with STDF/PG/255 and STDF/PG/313).,"$82,800","$82,800",$0,"$53,700","$136,500",,,,,,1. STDF/PG/126 - Application form,2. STDF/PG/126 - Inception report,3. STDF/PG/126 - Progress report (Dec-09),4. STDF/PG/126 - Progress report (Jun-10),,,,,,
STDF/PG/298,Kenza,,TWB010321,PG,On-going,Coming from PPG,Mitigating the harmful effects of pesticide residues in cocoa in Africa,Build SPS capacity in Africa to produce good quality cocoa that complies with the relevant international regulations on pesticide residues and other harmful substances.,"Cameroon
Côte d'Ivoire
Ghana
Nigeria
Togo",Africa,Non LDC/OLIC,Yes,Food Safety,International Cocoa Organization (ICCO),,2010-07-02,2010,01/01/2011,2011,31-Dec-12,31-Dec-13,31-Dec-13,2013,Fourth progress report received (Sep-13).,Approve fourth progress report.   ,"$664,675","$593,460","$71,215","$4,712,894","$5,377,569",,,,,"Other contributions: co-financing by countries (i) cash, (ii) in kind, (iii) external co-financing",1. STDF/PPG/127 - Application form (French),2. STDF/PPG/127 - Final project proposal (French),,,,,,,,
STDF/PG/300,Marlynne,,TWB010338,PG,On-going,,E-learning curriculum and web-based information system for food standards,Develop a combined e-learning curriculum and information system on food standards as a contribution to up-grading the quality infrastructure in developing countries.,Ghana,Africa,OLIC,Yes,Food Safety,University of Cape Coast (UCC),Food and Agriculture Organization of the United Nations (FAO),2009-12-10,2009,01/12/2010,2010,30-Nov-12,30-Nov-13,30-Nov-13,2013,Fourth progress report and budget revision (FAO reallocation) approved. ,Approve final project report (due Jan-14).,"$355,732","$262,246","$93,486","$24,544","$380,276",,,,,,1. STDF/PG/127 - Application form (French),2. STDF/PG/127 - Progress report (Sep-09),3. STDF/PG/127 - Progress report (Feb-10),4. STDF/PG/127 - Progress report (Sep-10),5. STDF/PG/127 - Progress report (Feb-11),6. STDF/PG/127 - Final report,,,,
STDF/PG/302,Kenza,,TWB010388,PG,On-going,Coming from PPG,Support to the cabbage sector in the Niayes Region of Senegal,Increase the production of cabbage and foment exports from the Niayes region by controlling the spread and impact of specific pests and assisting producers in meeting the Maximum Residue Limits established by Codex.,Senegal,Africa,LDC,Yes,General SPS,"Association des Unions Maraichères des Niayes (AUMN), Senegal",,2010-03-19,2010,01/02/2012,2012,31-Jan-14,,31-Jan-14,2014,Third progress report received (Sep-13). ,Approved third progress report.,"$577,142","$577,142",,,"$577,142",,,,,"Co-financing by the EIF (US$ 250,000) to be confirmed",1. STDF/PG/133 - Application form,2. STDF/PG/133 - Status report (Feb-09),3. STDF/PG/133 - Progress report (Jul-09),4. STDF/PG/133 - Final report (Apr-10),5. STDF/PG/133 -  Evaluation report (Aug-12),,,,,
STDF/PG/303,Kenza,,,PG,Awaiting,Coming from PPG,Regional Total Diet Study for Sub-Saharan Africa,"Contribute to strengthen capacity of risk managers to implement international standards based on a good knowledge of hazards, risks and exposure levels to harmful substances in commonly produced and consumed food.","Benin
Cameroon
Nigeria
Mali",Africa,Non LDC/OLIC,Yes,Food Safety,"Food and Agriculture Organization of the United Nations (FAO) 
World Health Organization (WHO)",,2013-03-19,2013,TBD,TBD,TBD,,TBD,TBD,Contracting discussions on-going.,Contract with FAO. ,"$1,063,708","$1,063,708",,,"$1,063,708",,,,,,1. STDF/PG/134 - Application form,2. STDF/PG/134 - Progress report (Jun-09),3. STDF/PG/134 - Progress report (Dec-09),4. STDF/PG/134 - Final report,,,,,,
STDF/PG/309,,Simon,,PG,Revoked,Coming from PPG,Strengthening SPS capacity in Guinea-Bissau,Strengthening SPS capacity of technical services and updating SPS-related legislation.,Guinea Bissau,,,,,,,2010-10-22,2010,,,,,,,Approval (granted in Oct-10) revoked given lack of improvement in security situation (decision WG Oct-12).,None required.,"$274,300","$274,300",,,"$274,300",,,,,"Budget: US$274,300 (STDF) +  US$232,560 (World Bank TFF)",1. STDF/PG/145 - Application form,2. STDF/PG/145 - Inception report,3. STDF/PG/145 - First progress report (Mar-08),4. STDF/PG/145 - Second progress report (Dec-08),5. STDF/PG/145 - Final report (May-09),6. STDF/PG/145 -  Evaluation report (Mar-12),,,,
STDF/PG/313,Melvin,,TWB010296,PG,Completed,,Continuation of the West African Fruit Fly Initiative (WAFFI),Continue and deepen the regional sensitization and training work in 8 countries in the sub-region.,West Africa,Africa,Non LDC/OLIC,Yes,Plant Health,Centre de Coopération Internationale en Recherche Agronomique pour le Développement (CIRAD),World Bank,2009-12-10,2009,01/04/2010,2010,31-Mar-11,,31-Mar-11,2011,Completed. Perform external evaluation (decision WG Mar-12).,Initiate external evaluation (in combination with STDF/PG/255 and STDF/PG/287).,"$559,482","$499,537","$59,945","$288,987","$848,469","EUR 346,179",,,,Contract in Euros,1. STDF/PG/146 - Application form (French),2. STDF/PG/146 - Progress report (Sep-07),3. STDF/PG/146 - Status report (Sep-08),4. STDF/PG/146 - Final report (Feb-10),,,,,,
STDF/PG/318,Simon,,TWB010339,PG,Completed,,National programme for the monitoring and management of contaminants in export products in Ecuador,Establish a comprehensive programme to control residues of pesticides and mycotoxins and implement this programme for two pilot products.,Ecuador,Latin America and Caribbean,Non LDC/OLIC,No,Food Safety,Inter-American Institute for Coperation on Agriculture (IICA),,2010-03-19,2010,01/12/2010,2010,30-Nov-12,31-May-13,31-May-13,2013,Final project report received (Sep-13).,Approve final project report.,"$432,491","$400,455","$32,036","$196,300","$628,791",,,,,,1. STDF/PPG/155 - Application form,2. STDF/PPG/155 - Final project proposal (Spanish),,,,,,,,
STDF/PG/319,Kenza,,TWB010343,PG,Completed,,Strengthening the Food Safety Risk Assessment Unit in Colombia,"Develop the functional procedures of the Food Safety Risk Assessment Unit, establish its work programme and create a network of risk assessors to conduct future risk analyses.",Colombia,Latin America and Caribbean,Non LDC/OLIC,No,Food Safety,Inter-American Institute for Coperation on Agriculture (IICA),,2010-07-02,2010,01/02/2011,2011,31-Jan-13,31-Jul-13,31-Jul-13,2013,Final project report received.,Approve final project report.,"$433,620","$401,500","$32,120","$590,000","$1,023,620",,,,,,1. STDF/PG/155 - Application form,2. STDF/PG/155 - Inception report (Jun-10),3. STDF/PG/155 - 1st Progress report (Jun-Dec 2010),4. STDF/PG/155 - 2nd Progress report (Jan-Jun 2011),5. STDF/PG/155 - 4th Progress report (Jan-Jun 2012),,,,,
STDF/PG/321,Pablo,,TWB010393,PG,On-going,,Building trade capacity of small-scale shrimp and prawn farmers in Bangladesh,Organize small-scale farmers in manageable clusters and assist them in developing and adopting Better Management Practices (BMPs) to address the contamination problem at grass-roots level.,Bangladesh,Asia and Pacific,LDC,No,Food Safety,Food and Agriculture Organization of the United Nations (FAO),,2011-06-27,2011,01/04/2012,2012,21-Mar-14,,21-Mar-14,2014,Inception report received and approved (Jul-13).,Approve first progress report.,"$637,000","$568,750","$68,250","$186,800","$823,800",,,,,,1. STDF/PPG/165 - Application form (French),2. STDF/PPG/165 - Final report (French),3. STDF/PPG/165 - Final project proposal (French),,,,,,,
STDF/PG/326,Marlynne,,TWB010341,PG,On-going,,Training platform to build trade capacity for fresh and processed fruits and vegetables,Develop a competency-based education and training platform for selected value chains and provide customized training using a combination of face-to-face instruction and e-learning.,"Thailand
Vietnam",Asia and Pacific,Non LDC/OLIC,No,Food Safety,Michigan State University (MSU),,2010-07-02,2010,01/01/2011,2011,31-Dec-12,30-Jun-13,30-Jun-13,2013,Fourth progress report approved.,Approve final project report (due Sep-13).,"$581,665","$581,665",,"$137,610","$719,275",,,,,,1. STDF/PG/170 - Application form,2. STDF/PG/170 - Inception report,3. STDF/PG/170 - Presentation Inception,4. STDF/PG/170 - Revised Training Program,5. STDF/PG/170 - Progress report (Aug-08),6. STDF/PG/170 - Progress report (Feb-09),7. STDF/PG/170 - Progress report (Aug-09),8. STDF/PG/170 - Progress report (Feb-10),9. STDF/PG/170 - Final report (Sep-10),
STDF/PG/328,Marlynne,,TWB010364,PG,On-going,Coming from PPG,Beyond Compliance: Integrated Systems Approach for Pest Risk Management in Southeast Asia ,Develop and test new decision-support tools focused on an integrated Systems Approach for pest risk management in Southeast Asia (support implementation of ISPM 14).,Southeast Asia,Asia and Pacific,Non LDC/OLIC,No,Plant Health,Centre for Agricultural Bioscience International (CABI) Asia ,,2011-03-28,2011,11/07/2011,2011,10-Jul-13,10-Jul-14,10-Jul-14,2014,Awaiting fourth progress report (due Jul-13). Reminder sent to CABI.,Approve fourth progress report.   ,"$600,000","$600,000",,"$304,686","$904,686",,,,,,1. STDF/PPG/171 - Final project proposal,,,,,,,,,
STDF/PG/329,Marlynne,,TWB010403,PG,On-going,Coming from PPG,Enhancing SPS capacity of ginger exports through a Public-Private Partnership in Nepal,Increase incomes of Nepalese stakeholders in the ginger value chain by adding value to the product exported to India and increase capacity to access new markets.,Nepal,Asia and Pacific,LDC,No,General SPS,Food and Agriculture Organization of the United Nations (FAO),,2011-06-27,2011,07/06/2012,2012,06-Jun-14,06-Jun-15,06-Jun-15,2015,Second progress report approved (Jul-13).,Approve third progress report (due Jan-14).,"$462,144","$412,629","$49,515","$800,000","$1,262,144",,,,,,1. STDF/PG/171 - Application form,2. STDF/PG/171 - Progress report (Nov-08),3. STDF/PG/171 - Presentation COPE,4. STDF/PG/171 - Progress report (May-09),5. STDF/PG/171 - Progress report (Nov-09),6. STDF/PG/171 - Progress report (May-10),7. STDF/PG/171 - COPE Website,8. STDF/PG/171 - Final report (Mar-11),9. STDF/PG/171 - KARI Conference Paper,10. STDF/PG/171 - Aid for Trade Case Story
STDF/PG/335,Pablo,,TWB010413,PG,On-going,Coming from PPG,Strengthening Phytosanitary Controls in the Floriculture Sector in Uganda,Enhance pest surveillance and diagnostic capacity to enable a better understanding of pest distribution and facilitate the implementation of efficient control strategies.,Uganda,Africa,LDC,Yes,Plant Health,Centre for Agricultural Bioscience International (CABI) Africa,,2012-03-30,2012,01/10/2012,2012,30-Sep-14,,30-Sep-14,2014,First progress report received and approved (Jun-13).,Approve second progress report (due Oct-13).,"$383,495","$348,632","$34,863",,"$383,495",,,,,,1. STDF/PPG/172 - Application form,2. STDF/PPG/172 - Final project proposal,,,,,,,,
STDF/PG/336,Simon,,TWB010400,PG,On-going,,Enhancing the control of transboundary animal diseases in Cameroon,Build institutional capacity and strengthen the veterinary services involved in the surveillance system.,Cameroon,Africa,Non LDC/OLIC,Yes,Animal Health,Food and Agriculture Organization of the United Nations (FAO),,2011-06-27,2011,01/06/2012,2012,31-May-14,,31-May-14,2014,Awaiting first progress report (due Jul-13). Reminder sent to FAO.,Approve first progress report (due Jul-13).,"$572,083","$510,788","$61,295","$770,261","$1,342,344",,,,,,1. STDF/PG/172 - Application form,2. STDF/PG/172 - 1st Progress report (Oct-10 - Mar-11),3. STDF/PG/172 - 2nd Progress report (Apr-Sep 2011),4. STDF/PG/172 - 3rd Progress report (Oct-11 - Mar-12),5. STDF/PG/172 - 4th Progress report (Apr-Sep 2012),,,,,
STDF/PG/337,Marlynne,,TWB010425,PG,On-going,,ASEAN Pesticide Residue Data Generation Project,"Establish a regional process to generate reliable data for Maximum Residue Limits (MRLs) for selected ""minor-use"" crops, as a means to promote harmonization with international standards and enhance market access.",ASEAN member states,Asia and Pacific,Non LDC/OLIC,No,Food Safety,Association of Southeast Asian Nations (ASEAN),"Food and Agriculture Organization of the United Nations (FAO)
IR-4 Project, USA
USDA Foreign Agricultural Service


",2011-10-21,2011,01/12/2012,2012,30-Nov-15,,30-Nov-15,2015,Second progress report received (Oct-13).,Approve second progress report.   ,"$607,000","$607,000",,"$605,000","$1,212,000",,,,,,1. STDF/PG/173 - Application form,2. STDF/PG/173 - Inception report,3. STDF/PG/173 - First progress report,4. STDF/PG/173 - Second progress report,5. STDF/PG/173 - Third progress report,6. STDF/PG/173 - Post workshop report,7. STDF/PG/173 - Evaluation report (Sep-08),8. STDF/PG/173 - Independent evaluation (Jun-09),,
STDF/PG/343,Kenza,,TWB010405,PG,On-going,Coming from PPG,Competency development scheme for the cinnamon sector in Sri Lanka,Enhance the competiveness of the cinnamon industry and the capacity of the cinnamon value added segment by improving processing and handling practices.,Sri Lanka,Asia and Pacific,Non LDC/OLIC,No,Food Safety,United Nations Industrial Development Organization (UNIDO),,2011-10-21,2011,01/07/2012,2012,30-Jun-14,,30-Jun-14,2014,Second progress report received (Sep-13),Approve second progress report.,"$705,600","$630,000","$75,600","$1,500,000","$2,205,600",,,,,,1. STDF/PPG/191 - Application form,2. STDF/PPG/191 - Final project proposal,,,,,,,,
STDF/PG/344,Pablo,,TWB010406,PG,On-going,Coming from PPG,Establishment of a Regional Virtual Food Inspection School in Central America and Dominican Republic,Harmonize modern inspection procedures conducted by a properly trained cadre of food inspectors and food safety auditors in the region to contribute to facilitating trade and improving public health.,"Central America
Dominican Republic",Latin America and Caribbean,Non LDC/OLIC,No,Food Safety,Inter-American Institute for Coperation on Agriculture (IICA),,2012-03-30,2012,01/07/2012,2012,30-Jun-15,,30-Jun-15,2015,Second progress report received and approved.,Approve third progress report (due Jan-14).,"$977,643","$905,225","$72,418",,"$977,643",,,,,,1. STDF/PPG/221 - Application form (French),2. STDF/PPG/221 - Final action plan (French),3. STDF/PPG/221 - Final strategy document (French),,,,,,,
STDF/PG/345,Simon,,,PG,Awaiting,Coming from PPG,Feed and Food Security Programme for Latin America and the Caribbean,"Contribute to the harmonization of the regulatory framework for the production and commercialization of animal feed, ensuring its safety and access to markets, based on the standards and recommendations of Codex and the OIE.","Argentina
Brazil
Chile
Colombia
Costa Rica
Cuba
Mexico
Paraguay
Peru
Uruguay",Latin America and Caribbean,Non LDC/OLIC,No,Food Safety,Asociación de las Industrias de Alimentación Animal de América Latina y Caribe (FEEDLATINA),,2013-03-19,2013,TBD,TBD,TBD,,TBD,TBD,Beneficiary working on finalizing project document before contracting.,Approve revised project document and establish contract with FEEDLATINA. ,"$1,000,000","$1,000,000",,,"$1,000,000",,,,,,1. STDF/PPG/223 - Final project proposal,,,,,,,,,
STDF/PG/350,Kenza,,TWB010384,PG,On-going,,"Global Phytosanitary Manuals, Standard Operating Procedures and Training Kits",Address the need in developing countries for documented technical resources to enhance their capacity to understand and implement International Standards on Phytosanitary Measures (ISPMs).,"Côte d'Ivoire
Jamaica
Malaysia
Sudan",Global,Non LDC/OLIC,No,Plant Health,International Plant Protection Convention (IPPC),,2011-03-28,2011,01/02/2012,2012,31-Jan-14,,31-Jan-14,2014,"Third progress report received (Sep-13). Request for 12-month, no-cost extension.",Approve third progress report. Decision by WG on extension request.,"$672,000","$600,000","$72,000","$150,000","$822,000",,,,,,1. STDF/PG/230 - Application form,2. STDF/PG/230 - Inception report,3. STDF/PG/230 - Progress report (Dec-09),3. STDF/PG/230 - Progress report (Jul-10),4. STDF/PG/230 - Progress report (Jan-11),,,,,
STDF/PG/354,Kenza,,TWB010440,PG,On-going,,Improving Safety and Quality of Fruits and Vegetables in Sri Lanka,"Analyse SPS constraints along the value chains, enhance public and private sector stakeholders capacity to meet international SPS requirements and improve public-private cooperation and networking.",Sri Lanka,Asia and Pacific,Non LDC/OLIC,No,Plant Health,International Trade Centre (ITC),,2012-03-30,2012,01/03/2013,2013,28-Feb-15,,28-Feb-15,2015,Awaiting first progress report (due Sep-13). Reminder sent to ITC.,Approve first progress report (due Sep-13).,"$629,982","$562,484","$67,498","$196,114","$826,096",,,,,,1. STDF/PPG/232 - Application form,,,,,,,,,
STDF/PG/358,Simon,,TWB010443,PG,On-going,,Improving veterinary legislation in OIRSA member countries,Strengthen the veterinary services in the region by harmonizing the legal framework in accordance with OIE standards for the control and eradication of animal diseases.,OIRSA member countries,Latin America and Caribbean,Non LDC/OLIC,No,Animal Health,Organismo Internacional Regional de Sanidad Agropecuaria (OIRSA),,2012-03-30,2012,01/05/2013,2013,30-Apr-15,,30-Apr-15,2015,Implementation on-going.,Approve first progress report (due Nov-13).,"$517,630","$488,330","$29,300",,"$517,630",,,,,,1. STDF/PPG/234 - Application form,2. STDF/PPG/234 - Final project proposal,,,,,,,,
STDF/PG/359,Marlynne,,TWB010453,PG,On-going,Coming from PPG,African Pesticide Residue Data Generation Project,"Enhance regional capacity in pesticide residues data generation and monitoring for establishing, implementing, and complying with international pesticide residue standards.","Benin
Cameroon
Ghana
Kenya
Mali
Senegal
Tanzania
Uganda 
Zambia",Africa,Non LDC/OLIC,Yes,Food Safety,African Union InterAfrican Bureau for Animal Resources (AU-IBAR),,2012-10-11,2012,01/05/2013,2013,30-Apr-16,,30-Apr-16,2016,Contract signed. Implementation started in May-13.,Approve first progress report (due Nov-13).,"$446,150","$446,150",,"$618,300","$1,064,450",,,,,,1. STDF/PG/238 - Application form,2. STDF/PG/238 - Inception report (Feb-10),3. STDF/PG/238 - 1st Progress report (Mar-Aug 2010),4. STDF/PG/238 - 2nd Progress report (Sep-10 - Mar-11),5. STDF/PG/238 - Progress report (Apr-Sep 2011),6. STDF/PG/238 - Final report (Apr-12),,,,
STDF/PG/365,,Marlynne,TWB010381,PG,Completed,,Application of the Multi Criteria Decision Analysis (MCDA) tool in Belize,"Prioritize SPS capacity building options in Belize and facilitate the development of a five-year strategic SPS plan.

",Belize,Latin America and Caribbean,Non LDC/OLIC,No,General SPS,Belize Agricultural Health Authority (BAHA),"Ministry of Natural Resources and Agriculture, Belize
Belize Trade and Investment Development  Service (BELTRAIDE)

",2011-10-21,2011,08/01/2012,2012,08-Sep-12,,08-Sep-12,2012,Completed.,None required.,"$30,000","$30,000",,,"$30,000",,,,,,1. STDF/PPG/242 - Application form (French),2. STDF/PPG/242 - Final project proposal (French),,,,,,,,
STDF/PG/381,Kenza,,,PG,Awaiting,,CocoaSafe: SPS capacity building and knowledge sharing for the cocoa sector in South East Asia ,Maintain and increase market access of cocoa exports by improving practices along the supply chain to meet international food safety standards.,"Indonesia
Malaysia
Papua New Guinea ",Asia and Pacific,Non LDC/OLIC,No,Food Safety,International Cocoa Organization (ICCO),,2012-10-11,2012,01/11/2013,2013,31-Oct-15,,31-Oct-15,2015,Contractual arrangements with CABI Secretariat finalized.,Approve inception report.,"$593,204","$593,204",,"$219,868","$813,072",,,,,,1. STDF/PG/242 - Application form,,,,,,,,,
STDF/PG/401,Kenza,,,PG,Awaiting,,Training of Phytosanitary Capacity Evaluation (PCE) Facilitators,"Improve the capability of developing countries to use the Phytosanitary Capacity Evaluation (PCE) tool to evaluate their capacities, identify gaps and plan their national phytosanitary and development programmes.",Developing countries,Global,Non LDC/OLIC, ,Plant Health,International Plant Protection Convention (IPPC),,2012-10-11,2012,TBD,TBD,TBD,,TBD,TBD,Revised project document received.,Approve revised project document and establish contract with FAO. ,"$625,148","$625,148",,"$184,000","$809,148",,,,,,1. STDF/PG/246 - Application form,2. STDF/PG/246 - Taskforce meeting (May-09),3. STDF/PG/246 - Presentation (May-09),4. STDF/PG/246 - Taskforce meeting (Jul-09),5. STDF/PG/246 - Presentation (Jul-09),6. STDF/PG/246 - Progress report (Aug-09),7. STDF/PG/246 - Progress report (Oct-09),8. STDF/PG/246 - SPS Action Plan for Cambodia (Jul-10),9. STDF/PG/246 - Report on Evaluation of Laboratory Capacities (Jul-10),10. STDF/PG/246 - Summary Technical Reports (Jul-10)
STDF/PG/436,Marlynne,,TWB010468,PG,On-going,,Strengthening regional capacity in Latin America to meet pesticides export requirements,"Strengthen the capacity of Latin American countries in pesticide residues data generation and monitoring, to support the establishment and implementation of international standards.","Bolivia
Colombia
Costa Rica
Dominican Republic
Ecuador
El Salvador
Guatemala
Honduras
Nicaragua
Panama
Peru",Latin America and Caribbean,Non LDC/OLIC,No,Food Safety,Inter-American Institute for Coperation on Agriculture (IICA),,2013-03-19,2013,01/10/2013,2013,30-Sep-16,,30-Sep-16,2016,Contract signed. Implementation started in Oct-13.,Approve first progress report (due Mar-14).,"$374,166","$346,450","$27,716","$821,250","$1,195,416",,,,,,1. STDF/PG/255 - Application form,2. STDF/PG/255 - Inception report,3. STDF/PG/255 - Progress report (Sep-09),4. STDF/PG/255 - Final report (Mar-10),,,,,,
STDF/PPG/038,,Melvin,TWB010016,PPG,Completed,Not approved,Agricultural Health and Food Safety Laboratory Needs Assessment for CARICOM Countries,Survey laboratory capacity in CARICOM to develop a project to assist in development of a regional strategy on laboratory infrastructure.,CARICOM countries,Latin America and Caribbean,Non LDC/OLIC,Yes,Food Safety,Carribean Community (CARICOM) Secretariat,,2004-09-01,2004,11/10/2005,2005,01-Jun-06,,01-Jun-06,2006,Initial laboratory survey completed - but no final project document submitted.,None required.,"$20,000","$20,000",,,"$20,000",,,,,,1. STDF/PG/259 - Application form,2. STDF/PG/259 - Inception report,3. STDF/PG/259 - Vegetable Market Research (Jul-10),4. STDF/PG/259 - Inception workshop report (Sep-10),5. STDF/PG/259 - Progress report No.1 (Jun-10-Feb-11),6. STDF/PG/259 - Progress report No.2 (Feb-Jul-11),7. STDF/PG/259 - Progress report No.3 (Jul-11-Feb-12),8. STDF/PG/259 - Project website,,
STDF/PPG/046,,Melvin,TWB010054,PPG,Completed,Not approved,Implementation of Codex standards in Africa,Assist the World Health Organization (WHO) Africa to develop a project proposal to support selected African countries to implement Codex standards.,"Benin
Tanzania",Africa,LDC,Yes,Food Safety,"Kenza Le Mentec
Jean Claude Cheftel",,2006-02-03,2006,01/08/2006,2006,31-Aug-07,,31-Aug-07,2007,Completed. Project not accepted for funding.,None required.,"$19,000","$19,000",,,"$19,000",,"CHF 15,000",,,,1. STDF/PPG/262 - Application form,2. STDF/PPG/262 - Final report,,,,,,,,
STDF/PPG/052,,Simon,TWB010074,PPG,Completed,External funding,Post-harvest contamination in Malawi and Zambia,Develop a project proposal to address post-harvest contamination problems in the paprika and groundnut sectors in Malawi and Zambia based on the Diagnostic Trade Integration Study (DTIS).,"Malawi 
Zambia",Africa,LDC,Yes,Food Safety,Gordon Shephard,,2005-03-09,2005,15/02/2007,2007,15-Aug-07,,15-Aug-07,2007,Completed. Resultant project under implementation in Malawi by UNIDO and funded by ComMark Trust.,None required.,"$20,000","$20,000",,,"$20,000",,,,,,1. STDF/PPG/268 - Application form,2. STDF/PPG/268 - Final proposal,,,,,,,,
STDF/PPG/061,,Melvin,TWB010023,PPG,Completed,Not approved,Strengthening SPS capacity in Cambodia,Conduct fieldwork in Cambodia to develop a project proposal to strengethen SPS capacity.,Cambodia,Asia and Pacific,LDC,No,General SPS,Digby Gascoine,,2005-03-09,2005,24/04/2005,2005,22-Jul-05,,22-Jul-05,2005,Completed. Project not accepted for funding.,None required.,"$20,000","$20,000",,,"$20,000",,,,,,1. STDF/PG/283 - Application form,2. STDF/PG/283 - 1st Progress report (Jul-Dec 2010),3. STDF/PG/283 - Rapport ateliers SPS-TBT,4. STDF/PG/283 - Rapport atelier legislatif,5. STDF/PG/283 - 2nd Progress report (Jan-Jun 2011),6. STDF/PG/283 - 3rd Progress report (Jul-Dec 2011),6. STDF/PG/283 - 4th Progress report (Jan-Jun 2012),,,
STDF/PPG/062,,Melvin,TWB010024,PPG,Completed,Funded by STDF ,Develop a project proposal to strengthen SPS capacity in Cameroon ,"Apply the FAO/WHO ""Guidelines to Assess Capacity Building Needs in Official Food Control Systems"" to strengthen SPS capacity in Cameroon.",Cameroon,Africa,Non LDC/OLIC,Yes,Food Safety,Jean Claude Cheftel,,2004-09-01,2004,09/05/2005,2005,31-Jul-05,,31-Jul-05,2005,Completed. Project approved at WG meeting (Nov-07).,None required.,"$20,000","$20,000",,,"$20,000",,,,,"In kind contribution not costed. Unspent funds of US$250,322.40 resubmitted to STDF Trust Fund.",1. STDF/PG/284 - Application form,2. STDF/PG/284 - 1st Progress report (Jul-Dec 2010),3. STDF/PG/284 - 2nd Progress report (Jan-Jun 2012),4. STDF/PG/284 - Programa de comunicación,5. STDF/PG/284 - Evaluación Económica Productos de Orígen Animal,6. STDF/PG/284 -  Propuesta política MSF,7. STDF/PG/284 - 3rd Progress report (Jul-Dec 2011),8. STDF/PG/284 - Evaluación Económica Productos de Orígen Vegetal,9. STDF/PG/284 -  Evaluación de la capacidad competitiva,10. STDF/PG/284 -  4th Progress report (Jan-Jun 2012)
STDF/PPG/063,,Melvin,TWB010025,PPG,Completed,Not approved,Quality control for agricultural products in Benin,"Apply the FAO/WHO ""Guidelines to Assess Capacity Building Needs in Official Food Control Systems"" to strengthen SPS capacity in Benin.",Benin,Africa,LDC,Yes,Food Safety,Lois C. Laleye,,2005-03-09,2005,15/06/2005,2005,31-Jul-05,,31-Jul-05,2005,Completed. Project not accepted for funding.,None required.,"$20,000","$20,000",,,"$20,000",,,,,,1. STDF/PPG/286 - Application form,2. STDF/PPG/286 - Final report,,,,,,,,
STDF/PPG/064,,Melvin,TWB010026,PPG,Completed,Not approved,Strengthening SPS capacity in Djibouti,Conduct field research and design a project in the livestock sector in Djibouti based on the Diagnostic Trade Integration Study (DTIS). ,Djibouti,Africa,LDC,Yes,Animal Health,Greg Sullivan,,2005-03-09,2005,25/05/2005,2005,01-Aug-05,,01-Aug-05,2005,Completed. Project approved at WG meeting (Sep-05) but not contracted within one year.,None required.,"$20,000","$20,000",,,"$20,000",,,,,,1. STDF/PG/287 - Application form,2. STDF/PG/287 - Progress report (Dec-09),3. STDF/PG/287 - Progress report (Jun-10),4. STDF/PG/287 - Fruit Fly Newsletters (English),5. STDF/PG/287 - Fruit Fly Newsletters (French),6. STDF/PG/287 - Final report (Apr-11),,,,
STDF/PPG/065,,Melvin,TWB010028,PPG,Completed,Funded by STDF ,Strengthening SPS capacity in Guinea ,Develop a project proposal that builds on the UNCTAD evaluation of costs of compliance in the tropical fruit sector in Guinea based on the Diagnostic Trade Integration Study (DTIS).,Guinea,Africa,LDC,Yes,Food Safety,United Nations Conference on Trade and Development (UNCTAD) ,,2005-03-09,2005,01/06/2005,2005,26-Aug-05,,26-Aug-05,2005,Completed. Project approved at WG meeting (Sep-05).,None required.,"$20,000","$20,000",,,"$20,000",,,,,"Unspent funds of $65,399 resubmitted to STDF Trust Fund.",1. STDF/PPG/298 - Application form,2. STDF/PPG/298 - Final report,3. STDF/PPG/298 - Final project proposal,,,,,,,
STDF/PPG/066,,Melvin,TWB010029,PPG,Completed,External funding,Strengthening SPS capacity in Mozambique,Develop a project proposal that builds on the UNCTAD evaluation of costs of compliance in the tropical fruit sector in Mozambique based on the Diagnostic Trade Integration Study (DTIS).,Mozambique,Africa,LDC,Yes,General SPS,United Nations Conference on Trade and Development (UNCTAD) ,,2005-03-09,2005,23/05/2005,2005,26-Aug-05,,26-Aug-05,2005,Completed.  ,None required.,"$20,000","$20,000",,,"$20,000",,,,,,1. STDF/PG/298 - Application form,2. STDF/PG/298 - Progress report (Jun-11),,,,,,,,
STDF/PPG/069,,Kenza,TWB010031,PPG,Completed,Funded by STDF ,Develop a project proposal to strengthen SPS capacity in Yemen ,Conduct a survey of SPS issues and design a project in the fisheries sector based on the Diagnostic Trade Integration Study (DTIS). ,Yemen  ,Middle East,LDC,No,Food Safety,Tim Huntington,,2005-03-09,2005,01/10/2005,2005,19-Nov-05,,19-Nov-05,2005,Completed. Project approved at WG meeting (Nov-07).,None required.,"$19,700","$19,700",,,"$19,700",,,,,,1. STDF/PG/300 - Application form,2. STDF/PG/300 - Inception report (Jan-11),3. STDF/PG/300 - Minutes inception meeting (Mar-11),4. STDF/PG/300 - Progress report No.1 (Mar-Sep-11),5. STDF/PG/300 - Progress report No.2 (Oct-11-Mar-12),6. STDF/PG/300 - Progress report No.3 (Apr-Oct-12),,,,
STDF/PPG/088,,Marlynne,TWB010041,PPG,Completed,Funded by STDF ,Strengthening SPS human resource capacity in Nepal,Conduct evaluation of the training needs of SPS authorities and design a training programme in Nepal.,Nepal,Asia and Pacific,LDC,No,General SPS,"Food and Agricultural Organization of the United Nations (FAO)

",,2005-09-06,2005,01/01/2007,2007,27-Mar-07,,27-Mar-07,2007,Completed. Project approved at WG meeting (Mar-07).,None required.,"$20,000","$20,000",,,"$20,000",,,,,Became STDF 145,1. STDF/PPG/302 - Application form,2. STDF/PPG/302 - Final project proposal,,,,,,,,
STDF/PPG/100,,Melvin,TWB010042,PPG,Completed,External funding,Strengthening the national food control system for the fisheries sector in Cape Verde,Assist the fish processing sector in Cape Verde to comply with international food safety standards.,Cape Verde,Africa,Non LDC/OLIC,Yes,Food Safety,World Trade Organization (WTO),,2007-06-29,2007,07/12/2006,2006,31-Jan-07,,31-Jan-07,2007,Completed. WG decision to seek external funding. ,None required.,"$27,737","$27,737",,,"$27,737",,,,,"Unspent funds of US$ 120,356.41 resubmitted to STDF Trust Fund. ",1. STDF/PG/302 - Application form,,,,,,,,,
STDF/PPG/101,,Melvin,TWB010043,PPG,Completed,Not approved,Capacity evaluation of the national food control system in Eritrea ,"Apply FAO/WHO ""Guidelines to Assess Capacity Building Needs in Official Food Control Systems"" and design a project proposal.",Eritrea,Africa,LDC,Yes,Food Safety,Arpad Ambrus,,2005-09-06,2005,05/01/2006,2006,31-Mar-06,,31-Mar-06,2006,Completed. Project not accepted for funding.,None required.,"$28,690","$28,690",,,"$28,690","EUR 19,000",,,,,1. STDF/PPG/303 - Application form,2. STDF/PPG/303 - Final report,,,,,,,,
STDF/PPG/102,,Panos,TWB010044,PPG,Completed,Funded by STDF ,SPS constraints and export diversification in Mali,Enhance SPS capacity in the fruit and vegetable sector in Mali.,Mali,Africa,LDC,Yes,Plant Health,Malika Bounfour,,2005-09-06,2005,15/03/2006,2006,31-May-06,,31-May-06,2006,Completed. Project approved at WG meeting (Jun-06).,None required.,"$20,000","$20,000",,,"$20,000",,,,,,,,,,,,,,,
STDF/PPG/103,,Melvin,TWB010045,PPG,Completed,Funded by STDF ,Rwanda Horticulture Export Standards Initiative (RHESI),Enhance SPS capacity in the fruit and vegetable sector in Rwanda.,Rwanda,Africa,LDC,Yes,Plant Health,Michigan State University (MSU),,2005-09-06,2005,15/02/2006,2006,01-May-06,,01-May-06,2006,Completed. Project approved at WG meeting (Jun-06).,None required.,"$22,000","$22,000",,,"$22,000",,,,,,1. STDF/PPG/305 - Application form,2. STDF/PPG/305 - Final Scoping Study (English),3. STDF/PPG/305 - Final Scoping Study (French),,,,,,,
STDF/PPG/105,,Melvin,TWB010113,PPG,Completed,External funding,Implementation of compartmentalization for avian influenza and Newcastle disease in the poultry sector,Design a demonstration project on how to apply compartmentalization for avian influenza and Newcastle disease in the poultry sector.,"Brazil
Thailand",Global,Non LDC/OLIC,No,Animal Health,World Organization for Animal Health (OIE),,2007-06-29,2007,22/02/2008,2008,01-Oct-08,,01-Oct-08,2008,"Completed. Project funded by Brazil (reported in SPS Committee, Jun-09).",None required.,"$20,000","$20,000",,"$18,286","$38,286",,,,,,,,,,,,,,,
STDF/PPG/113,,Kenza,TWB010055,PPG,Completed,External funding,Survey of food safety needs in Burundi ,"Apply the FAO/WHO ""Guidelines to Assess Capacity Building Needs in Official Food Control Systems"" to survey the food safety situation in Burundi and develop a project proposal.",Burundi,Africa,LDC,Yes,Food Safety,"Burundi Bureau of Standards (BBN)
Mohammed Majdi",,2006-02-03,2006,01/09/2006,2006,30-Nov-06,,30-Nov-06,2006,Completed. A project encompassing STDF proposal being implemented by UNIDO with EIF Tier II funding.,None required.,"$20,000","$20,000",,,"$20,000",,,,,,1. STDF/PPG/309 - Application form,2. STDF/PPG/309 - Final project proposal,,,,,,,,
STDF/PPG/116,,Simon,TWB010056,PPG,Completed,Funded by STDF ,Establishment of a traceability system for the livestock sector in Costa Rica,Assist in the implementation of the National Epidemiological Surveillance Programme by developing a traceability system for livestock.,Costa Rica,Latin America and Caribbean,Non LDC/OLIC,No,Animal Health,Emilio Leon,,2006-02-03,2006,01/05/2007,2007,15-Oct-07,,15-Oct-07,2007,Completed. Project approved at WG meeting (Oct-08).,None required.,"$20,000","$20,000",,,"$20,000",,,,,,1. STDF/PG/309 - Application form,,,,,,,,,
STDF/PPG/126,,Kenza,TWB010057,PPG,Completed,Funded by STDF ,Establishment of a horticulture industry organization in Tanzania ,Develop a business plan and facilitate the establishment of a horticulture association in Tanzania.,Tanzania,Africa,LDC,Yes,Plant Health,Tanzania Horticulture Association (TAHA),,2006-02-03,2006,15/07/2006,2006,30-Sep-06,,30-Sep-06,2006,Completed. Project approved at WG meeting (Jun-08).,None required.,"$5,500","$5,500",,,"$5,500",,,,,,1. STDF/PG/313 - Application form,2. STDF/PG/313 - Progress report (Aug-10),3. STDF/PG/313 - Progress report to CIRAD (Aug-10),4. STDF/PG/313 - Final report (Mar-11),,,,,,
STDF/PPG/127,,Kenza,TWB010064,PPG,Completed,Funded by STDF ,Strengthening the capacity of the Benin Chamber of Commerce to track SPS-related developments in exports markets,Establish an information centre within the Benin Chamber of Commerce to ensure that firms are aware of SPS measures affecting their existing or planned exports.,Benin,Africa,LDC,Yes,General SPS,Stefan Skrzypczak,,2006-06-08,2006,20/11/2006,2006,28-Feb-07,,28-Feb-07,2007,Completed. Project approved at WG meeting (Nov-07).,None required.,"$20,000","$20,000",,,"$20,000",,,,,"12,000 included in disbursement to implementer. Final instalment paid. Send final report when received.",1. STDF/PPG/316 - Application form,,,,,,,,,
STDF/PPG/155,,Simon,TWB010080,PPG,Completed,Funded by STDF ,Market-Oriented Training Service on Standards Application (MOTSSA) in Nicaragua,Survey SPS requirements in the plant health sector to improve export competitiveness in Nicaragua.,Nicaragua,Latin America and Caribbean,Non LDC/OLIC,No,Plant Health,Michigan State University (MSU),,2006-10-16,2006,01/03/2007,2007,30-Oct-07,,30-Oct-07,2007,Completed. Project approved at WG meeting (Oct-08).,None required.,"$20,000","$20,000",,,"$20,000",,,,,,1. STDF/PG/318 - Application form,2. STDF/PG/318 - Inception report (Jan-11),3. STDF/PG/318 - 1st Progress report (Jan-11 - Jul-11),4. STDF/PG/318 - 2nd Progress report (Jan-11 - Dec-11),5. STDF/PG/318 - 3rd Progress report (Jan-11 - Jun-12),6. STDF/PG/318 - 4th Progress report (Jan-11 - Dec-12),,,,
STDF/PPG/165,,Simon,TWB010165,PPG,Completed,External funding,Improving SPS controls in fruit production in Madagascar,Assist Madagascar to establish pest-free areas for fruit production.,Madagascar,Africa,LDC,Yes,Plant Health,Centre Technique Horticole d'Antananarivo (CTHA),,2007-11-07,2007,01/02/2008,2008,04-Apr-12,,04-Apr-12,2012,Completed. Decision to seek external funding,Follow-up to identify potential funding sources,"$20,000","$20,000",,,"$20,000",,,,,Previously PPG 88,1. STDF/PG/319 - Application form,2. STDF/PG/319 - Progress report (Oct-11),3. STDF/PG/319 - Progress report (Oct-11) Annexes,4. STDF/PG/319 - Progress report (Jan-12),5. STDF/PG/319 - Progress report (Jan-12) Annexes,,,,,
STDF/PPG/171,,Melvin,TWB010076,PPG,Completed,Funded by STDF ,Centre of Phytosanitary Excellence (COPE) ,Revise a project document to establish a Phytosanitary Centre of Excellence in Kenya for the East-African sub-region.,"Kenya  
",Africa,OLIC,Yes,Plant Health,Ralf Lopian,,2007-03-02,2007,15/04/2007,2007,30-Nov-07,,30-Nov-07,2007,Completed. Project approved at WG meeting (Nov-07).,None required.,"$20,000","$20,000",,,"$20,000",,,,,,1. STDF/PG/321 - Application form,,,,,,,,,
STDF/PPG/172,,Melvin,TWB010172,PPG,Completed,Funded by STDF ,Expanding food exports through enhanced SPS capacity in Nigeria,Enhance SPS capacity in Nigeria and improve the country's ability to export high-value food products.,Nigeria,Africa,OLIC,Yes,Food Safety,CARANA Corporation,,2007-03-02,2007,01/11/2007,2007,31-Mar-08,,31-Mar-08,2008,Completed. Project approved at WG meeting (Dec-09).,None required.,"$25,000","$25,000",,,"$25,000",,,,,,,,,,,,,,,
STDF/PPG/191,,Panos,TWB010191,PPG,Completed,External funding,Enhancing national SPS capacity in Sierra Leone,Design a national SPS framework for Sierra Leone.,Sierra Leone,Africa,LDC,Yes,General SPS,CARANA Corporation,,2007-06-29,2007,01/01/2008,2008,31-Jul-08,,31-Jul-08,2008,Completed. Decision to seek external funding. ,None required. ,"$20,000","$20,000",,,"$20,000",,,,,,1. STDF/PPG/324 - Application form,2. STDF/PPG/324 - Mission report (Jul-10),3. STDF/PPG/324 - Validation workshop report (Sep-10),4. STDF/PPG/324 - Biosecurity Situation report (Sep-10),,,,,,
STDF/PPG/221,,Panos,TWB010221,PPG,Completed,External funding,Improving the competitiveness of suppliers in Burkina Faso,Identify specific SPS issues and constraints affecting sesame production and exports in Burkina Faso and develop a project proposal to overcome these constraints and improve market access.,Burkina Faso,Africa,LDC,Yes,General SPS,Tidiane Traore,,2008-04-04,2008,10/01/2009,2009,30-Apr-09,,30-Apr-09,2009,Completed. GIZ leading multi-donor implementation of sesame strategy and action plan.,None required.,"$20,000","$20,000",,,"$20,000",,,,,,1. STDF/PG/326 - Application form,2. STDF/PG/326 - Inception report,3. STDF/PG/326 - Progress report No.1 (Jan-Jun-11),4. STDF/PG/326 - Progress report No.2 (Jul-Dec-11),5. STDF/PG/326 - Progress report No.3 (Jan-Jun-12),6. STDF/PG/326 - Progress report No.4 (Jul-Dec-12),,,,
STDF/PPG/223,,Marlynne,TWB010135,PPG,Completed,External funding,Strengthening the official food control programme in Moldova,"Assess requirements to strengthen official food controls, standards and food inspection based on specific priority commodities identified in the World Bank Action Plan and develop a project proposal.",Moldova,Europe,Non LDC/OLIC,No,Food Safety,Enrico Casadei,,2008-04-04,2008,20/07/2008,2008,31-Oct-08,,31-Oct-08,2008,Completed. Decision to seek external funding. ,None required. ,"$23,265","$23,265",,,"$23,265",,,,,,1. STDF/PPG/328 - Application form,2. STDF/PPG/328 - Workshop report,3. STDF/PPG/328 - Summary of meeting,4. STDF/PPG/328 - Final project proposal,,,,,,
STDF/PPG/232,Melvin,,TWB010232,PPG,Completed,Not approved,A phytosanitary capacity building strategy for Africa,Improve phytosanitary capacity in African countries through the development and implementation of a phytosanitary capacity building strategy.,"Cameroon
Africa",Africa,Non LDC/OLIC,Yes,Plant Health,Centre for Agricultural Bioscience International (CABI),,2008-06-26,2008,01/12/2008,2008,31-Dec-11,,31-Dec-11,2011,Completed. More stakeholder consultation needed to improve the document. AU-IAPSC advised accordingly.,Further improvement of strategy by AU-IAPSC in close consultation with stakeholders.,"$29,000","$29,000",,,"$29,000",,,,,,1. STDF/PG/328 - Application form,2. STDF/PG/328 - Project website & blog,3. STDF/PG/328 - Inception report (Jul-11),4. STDF/PG/328 - Progress report (Jun-12),5. STDF/PG/328 - MTR meeting report (Jul-12),6. STDF/PG/328 - Progress report No.3 (Jul-Dec-12),,,,
STDF/PPG/234,,Kenza,TWB010227,PPG,Completed,External funding,Design of a Good Agricultural Practice scheme in Lao PDR,Create institutional infrastructure in Lao PDR to ensure market access for agricultural products.,Lao PDR,Asia and Pacific,LDC,No,General SPS,Andrew Wilson,,2008-06-26,2008,18/08/2008,2008,16-Jan-09,,16-Jan-09,2009,Completed. Decision to seek external funding,None required.,"$18,410","$18,410",,,"$18,410",,,,,,1. STDF/PPG/329 - Application form,2. STDF/PPG/329 - Final report & project proposal,,,,,,,,
STDF/PPG/242,,Kenza,TWB010234,PPG,Completed,Funded by STDF ,Strengthening SPS capacity in Comoros,Assess SPS needs and formulate a project proposal to improve the competitiveness of the litchi and lobster sectors based on the Diagnostic Trade Integration Study (DTIS).,Comoros ,Africa,LDC,Yes,General SPS,Chokri Damergi,,2008-06-26,2008,01/02/2009,2009,30-Apr-09,,30-Apr-09,2009,Completed. Project approved at WG meeting (Mar-12).,None required.,"$20,000","$20,000",,,"$20,000",,,,,,1. STDF/PG/329 - Application form,2. STDF/PG/329 - Inception report (Feb-13),,,,,,,,
STDF/PPG/262,,Kenza,TWB010282,PPG,Completed,External funding,A regional strategy to strengthen veterinary services in Sahel countries,Strengthen veterinary services and promote market access of animal products from Sahel countries to North Africa,"Mali
Niger
Burkina Faso",Africa,LDC,Yes,Animal Health,Comité permanent inter-etats de lutte contre la sécheresse dans le Sahel (CILSS),,2009-02-27,2009,01/12/2009,2009,31-Mar-10,31-Jul-10,31-Jul-10,2010,Completed. Decision to seek external funding.,None required.,"$19,600","$19,600",,,"$19,600",,,,,,1. STDF/PPG/335 - Application form,,,,,,,,,
STDF/PPG/268,Melvin,,TWB010250,PPG,Completed,External funding,Strengthening SPS-related legislation in Tanzania,"Harmonize the legal, regulatory and institutional framework to strengthen the SPS control management system.",Tanzania,Africa,LDC,Yes,General SPS,"John Eric Orchard
Natural Resources Institute (NRI)
University of Greenwich ",,2008-10-10,2008,01/05/2009,2009,12-May-11,,12-May-11,2011,Completed. Proposed implementation through national trade basket fund. Information sought from Ministry of Industry and Trade (MIT) on status (Oct-12 and Feb-13).,"Basket fund has not materialized. Reportedly, parts of project implemented with 10th EDF funds. Remaining parts may be picked up through forthcoming donor interventions, there are contacts with SIDA in this regard.","$20,000","$20,000",,,"$20,000",,,,,,1. STDF/PG/335 - Application form,,,,,,,,,
STDF/PPG/286,,Simon,TWB010257,PPG,Completed,External funding,Accessing the US ornamental plant market,Reduce the phytosanitary risk in Costa Rica to export 5 new varieties of ornamental plants to the US.,Costa Rica,Latin America and Caribbean,Non LDC/OLIC,No,Plant Health,John Eric Orchard,,2009-02-27,2009,15/05/2009,2009,31-Dec-09,,31-Dec-09,2009,Completed. Decision to seek external funding.,None required.,"$30,000","$30,000",,,"$30,000",,,,,,1. STDF/PG/336 - Application form,2. STDF/PG/336 - Inception Report (Dec-12),,,,,,,,
STDF/PPG/298,,Kenza,TWB010277,PPG,Completed,Funded by STDF ,Capacity building programme on pesticide residues and other harmful substances in cocoa in Africa,"Assist cocoa-producing countries in Africa to meet the food safety requirements of the EU, the US and Japan.","Cameroon
Côte d'Ivoire
Ghana
Nigeria
Togo",Africa,Non LDC/OLIC,Yes,Plant Health,International Cocoa Organization (ICCO),,2009-06-26,2009,12/10/2009,2009,31-Mar-10,,31-Mar-10,2010,Completed. Project approved at WG meeting (Jul-10).,None required.,"$30,000","$30,000",,,"$30,000",,,,,,1. STDF/PG/337 - Application form,,,,,,,,,
STDF/PPG/302,,Kenza,TWB010271,PPG,Completed,Funded by STDF ,Competitiveness of the cabbage sector in the Niayes region in Senegal,"Improve the quality of cabbage by putting in place systems which will follow GAP schemes, facilitate traceability and HACCP.",Senegal,Africa,LDC,Yes,Plant Health,Olivier Bertin-Mahieux,,2009-06-26,2009,01/10/2009,2009,31-Dec-09,,31-Dec-09,2009,Project approved at WG meeting (Mar-10) for co-financing.,None required.,"$25,631","$25,631",,,"$25,631",,,,,,1. STDF/PPG/343 - Application form,2. STDF/PPG/343 - Final project proposal,,,,,,,,
STDF/PPG/303,,Kenza,TWB010274,PPG,Completed,Funded by STDF ,Total Diet Study for Sub-Saharan Africa,Elaborate a manual describing a methodology to conduct a regional Total Diet Study to evaluate the risks of chemical contamination of food in Sub-Saharan Africa.,Sub-Saharan Africa,Africa,Non LDC/OLIC,Yes,Food Safety,Centre Pasteur du Cameroun,,2009-06-26,2009,12/10/2009,2009,31-Dec-12,,31-Dec-12,2012,Completed. Project approved at WG meeting (Mar-13).,None required.,"$20,000","$20,000",,,"$20,000",,,,,,1. STDF/PG/343 - Application form,2. STDF/PG/343 - Progress Report No.1 (Oct-12 - Feb-13),,,,,,,,
STDF/PPG/305,,Melvin,TWB010272,PPG,Completed,Not approved,Institutionalising SPS for agricultural health and food safety systems in Africa,Conduct a scoping study to inform and assess the necessity of further action needed in the SPS area at the level of the African Union Commission (AUC) and the Regional Economic Communities.,African Union,Africa,Non LDC/OLIC,Yes,General SPS,João Magalhães,,2009-06-26,2009,01/10/2009,2009,18-Aug-10,,18-Aug-10,2010,Completed.,None required.,"$30,000","$30,000",,,"$30,000",,,,,,1. STDF/PPG/344 - Application form,2. STDF/PPG/344 - Final report,3. STDF/PPG/344 - Project application,,,,,,,
STDF/PPG/308,Simon,,TWB010363,PPG,Completed,Pending,SPS action plan for the Central African Republic ,Develop an SPS action plan for the Central African Republic  to enable the country to maximize its participation in the multilateral trading system.,Central African Republic,Africa,LDC,Yes,General SPS,Etienne Legendre,,2010-10-22,2010,01/07/2011,2011,22-Feb-12,,22-Feb-12,2012,Completed. Beneficiary working on addressing WG concerns before resubmitting for consideration.,Follow-up with beneficiary on completion of project proposal.,"$30,000","$30,000",,,"$30,000",,,,,Received as Project but approved as PPG,1. STDF/PG/344 - Application form,2. STDF/PG/344 - Progress Report No.1 (Jul-Dec-12),,,,,,,,
STDF/PPG/309,,Panos,TWB010294,PPG,Completed,Funded by STDF ,Building an SPS management system in Guinea-Bissau,Assist the Government in evaluating its bio-security situation through the application of the FAO Bio-security capacity evaluation tool.,Guinea-Bissau,Africa,LDC,Yes,General SPS,Olivier Bertin-Mahieux ,,2009-12-10,2009,15/03/2010,2010,30-Jun-10,,30-Jun-10,2010,Completed. Project approved at WG meeting (Oct-10) for co-financing.,None required.,"$30,000","$30,000",,,"$30,000",,,,,,1. STDF/PPG/345 - Application form,,,,,,,,,
STDF/PPG/316,Simon,,TWB010337,PPG,Completed,Pending,Strengthening phytosanitary inspection and diagnostic services in Azerbaijan,Strengthen the capacity of pre-border quarantine inspection points through the provision of laboratory equipment and training of laboratory staff.,Azerbaijan,Asia and Pacific,Non LDC/OLIC,No,Plant Health,"Food and Agricultural Organization of the United Nations (FAO)
International Plant Protection Convention (IPPC)
",,2010-03-19,2010,01/12/2010,2010,31-Dec-12,,31-Dec-12,2012,Completed. Beneficiary working on addressing WG concerns before resubmitting for consideration.,Follow-up with the beneficiary on the completion of the project proposal.,"$31,800","$30,000","$1,800",,"$31,800",,,,,Received as Project but approved as PPG,,,,,,,,,,
STDF/PPG/323,Kenza,,TWB010350,PPG,Completed,Pending,Enhancing the Safety and Quality of Agricultural Products in Senegal ,Develop a project proposal to address pest surveillance and the application of good agricultural practices in Senegal to enhance horticulture exports.,Senegal,Africa,LDC,Yes,Plant Health,International Plant Protection Convention (IPPC),,2010-07-02,2010,01/03/2011,2011,31-Dec-12,,31-Dec-12,2012,Completed. Beneficiary working on addressing WG concerns before resubmitting for consideration.,Follow-up with the beneficiary on the completion of the project proposal.,"$30,000","$30,000",,,"$30,000",,,,,,,,,,,,,,,
STDF/PPG/324,,Marlynne,TWB010314,PPG,Completed,External funding,Needs assessment and strategy for the development the SPS system in Liberia,Re-define Liberia's SPS framework by streamlining the number of ministries responsible for standards-related issues to a single national competent authority.,Liberia,Africa,LDC,Yes,General SPS,Londa Van der Wal,,2010-03-19,2010,01/07/2010,2010,30-Sep-10,,30-Sep-10,2010,Completed. Biosecurity assessment carried out under PPG used to support development of EIF Tier II proposal.,None required.,"$30,000","$30,000",,,"$30,000",,,,,,1. STDF/PG/350 - Application form,,,,,,,,,
STDF/PPG/328,,Marlynne,TWB010318,PPG,Completed,Funded by STDF ,Developing trade opportunities: an integrated systems approach for Pest Risk Management,"Develop a transparent, mutually-agreed framework for considering the reduction of risk achieved by phytosanitary measures.",Malaysia,Asia and Pacific,Non LDC/OLIC,No,Plant Health,"Imperial College of Science, Technology and Medicine (ICL)",,2010-07-02,2010,06/08/2010,2010,20-Mar-11,,20-Mar-11,2011,Completed. Project approved at WG meeting (Mar-11).,None required.,"$30,000","$30,000",,,"$30,000",,,,,,,,,,,,,,,
STDF/PPG/329,,Marlynne,TWB010349,PPG,Completed,Funded by STDF ,Support to Public and Private Sector for SPS Implementation in Nepal ,"Develop a project to strengthen SPS capacity in the public and private sector in Nepal, as a means to increase agri-food exports and reduce the entry of low quality products.",Nepal,Asia and Pacific,LDC,No,General SPS,Dermot Cassidy,,2010-10-22,2010,01/03/2011,2011,01-Aug-11,,01-Aug-11,2011,Completed. Project approved at WG meeting (Jun-11).,None required.,"$30,000","$30,000",,,"$30,000",,,,,,1. STDF/PG/358 - Application form,,,,,,,,,
STDF/PPG/335,,Kenza,TWB010347,PPG,Completed,Funded by STDF ,Strengthening the capacity for  phytosanitary controls in the floriculture sector in Uganda,Develop a national surveillance programme to monitor and control pests affecting the floriculture sector in order to maintain and further enhance market access.,Uganda,Africa,LDC,Yes,Plant Health,Hubertus Stoetzer,,2010-10-22,2010,07/02/2011,2011,29-Feb-12,,29-Feb-12,2012,Completed. Project approved at WG meeting (Mar-12).,None required.,"$30,000","$30,000",,,"$30,000",,,,,,1. STDF/PPG/359 - Application form,,,,,,,,,
STDF/PPG/343,,Kenza,TWB010358,PPG,Completed,Funded by STDF ,Establishment of a National Cinnamon Training Academy (NCTA) in Sri Lanka,Develop a project to establish a National Cinnamon Training Academy (NCTA) to train the peelers in producing safe cinnamon of a high quality.,Sri Lanka,Asia and Pacific,Non LDC/OLIC,No,Food Safety,United Nations Industrial Development Organization (UNIDO),,2011-03-28,2011,15/06/2011,2011,15-Dec-11,,15-Dec-11,2011,Completed. Project approved at WG meeting (Oct-11).,None required.,"$30,000","$30,000",,,"$30,000",,,,,,1. STDF/PG/359 - Application form,,,,,,,,,
STDF/PPG/344,,Pablo,TWB010367,PPG,Completed,Funded by STDF ,Establishment of a Regional Food Inspectors School in Central America,Develop a project to establish a regional food inspectors school to harmonize food inspection procedures and strengthen the technical competence and skills of food inspectors within the region.,Central America,Latin America and Caribbean,Non LDC/OLIC,No,Food Safety,Ana Marisa Cordero,,2011-03-28,2011,01/08/2011,2011,31-Mar-12,,31-Mar-12,2012,Completed. Project approved at WG meeting (Mar-12).,None required.,"$30,000","$30,000",,"$27,413","$57,413",,,,,,1. STDF/PG/365 - Application form,2. STDF/PG/365 - MCDA report (Sep-12),3. STDF/PG/365 - Final report (Oct-12),,,,,,,
STDF/PPG/345,,Simon,TWB010372,PPG,Completed,Funded by STDF ,Feed Safety Regulations in Latin America and Caribbean,Develop a project to harmonize feed safety regulations in Latin America and the Caribbean to ensure feed safety and increase competitiveness at national and regional levels.,Latin America and Caribbean,Latin America and Caribbean,Non LDC/OLIC,No,General SPS,Asociación de las Industrias de Alimentación Animal de América Latina y Caribe (FEEDLATINA),,2011-03-28,2011,01/11/2011,2011,31-May-12,,31-May-12,2012,Completed. Project approved at WG meeting (Mar-13).,None required.,"$30,000","$30,000",,,"$30,000",,,,,"UBS Voucher: 5,050 USD",1. STDF/PPG/370 - Application form,,,,,,,,,
STDF/PPG/346-347-348,Melvin,,TWB010442,PPG,On-going,,Feasibility study on the concept of the COMESA Green Pass,Conduct a feasibility study to clarify the concept of the Green Pass and address legal and technical issues as well as its economic and commercial viability.,COMESA members,Africa,LDC,Yes,General SPS,Common Market for Eastern and Southern Africa (COMESA),,2011-06-27,2011,01/01/2012,2012,TBD,,TBD,TBD,Stakeholder workshop held in Nairobi (May-13). Draft project proposal submitted to STDF.,Further revise project document.  ,"$90,000","$90,000",,,"$90,000",,,,,,1. STDF/PPG/377 - Application form,,,,,,,,,
STDF/PPG/359,,Marlynne,TWB010383,PPG,Completed,Funded by STDF ,Africa Joint Pesticide Residue Data Generation Project,"Generate high-quality pesticide residue data on ""minor-use""/speciality crops, which represent a vital source of income for rural farming communities.","Ghana 
Kenya
Senegal
South Africa
Tanzania
Uganda",Africa,Non LDC/OLIC,Yes,Food Safety,African Union Inter-African Bureau for Animal Resources (AU-IBAR),,2011-10-21,2011,02/01/2012,2012,30-Jun-12,,30-Jun-12,2012,Completed. Project approved at WG meeting (Oct-12),None required.,"$27,750","$27,750",,,"$27,750",,,,,,1. STDF/PPG/379 - Application form,,,,,,,,,
STDF/PPG/370,,Marlynne,,PPG,Revoked,,Strengthening the Competent Authority Analytical Laboratory in the Solomon Islands,"Develop a project that addresses SPS constraints in selected fish and potential agricultural products, as well as outstanding capacity needs within the National Public Health Laboratory (NPHL).",Solomon Islands,,,,,,,2012-03-30,2012,,,,,,,Approval (granted in Mar-12) revoked given work undertaken by PHAMA which supplants need for PPG (decision WG Mar-13).,None required.,"$29,900","$29,900",,,"$29,900",,,,,"Budget: US$29,900",,,,,,,,,,
STDF/PPG/377,Pablo,,TWB010433,PPG,On-going,,Strengthening the National Plant Protection System in The Gambia,Conduct a comprehensive assessment of the phytosanitary capacity gaps using the IPPC-PCE Tool and develop a project to implement action points to enhance the national plant protection system.,The Gambia,Africa,LDC,Yes,Plant Health,International Plant Protection Convention (IPPC),,2012-03-30,2012,01/02/2013,2013,31-Jul-13,,31-Jul-13,2013,Contract signed. Implementation started in Feb-13.,Approve final PPG report (due Sep-13),"$50,000","$50,000",,,"$50,000",,,,,Contracted and paid,,,,,,,,,,
STDF/PPG/379,Pablo,,TWB010458,PPG,On-going,,Promoting the effective participation of SADC member states in the WTO SPS Committee,Strengthen the capacity of SPS authorities in SADC member states to be able to effectively implement their SPS obligations and assert their rights as WTO Members.,SADC member states,Africa,LDC,Yes,General SPS,Kevin Walker,,2013-03-22,2013,15/07/2013,2013,30-Sep-13,,30-Sep-13,2013,Feasibility analysis mission conducted by consultant in Jul-13. ,Approve feasibility report (due Sep-13),"$25,000","$25,000",,,"$25,000",,,,,"This PPG is being implemented in two phases. Phase I is feasibility analysis and Phase II is project development. Total budget available is $US 50,000/ ",,,,,,,,,,
STDF/PPG/392,Pablo,,,PPG,Awaiting,,Integrating SPS in Sierra Leone: A whole chain approach to developing the national food safety management system,Assess the national food safety management system and develop plans for institutional capacity building and determine priorities in order to achieve compliance with SPS requirements.,Sierra Leone,Africa,LDC,Yes,Food Safety,Food and Agriculture Organization of the United Nations (FAO),,2013-03-19,2013,01/11/2013,2013,15-Apr-14,,15-Apr-14,2014,Contractual arrangements with FAO to be finalized.,Sign contract. Approve final PPG report (due Jul-14).,"$43,680","$39,000","$4,680",,"$43,680",,,,,,,,,,,,,,,
STDF/PPG/400,Marlynne,,TWB010438,PPG,Completed,Pending,Capacity building for aflatoxin management and control in Malawi,Develop a proposal for a national programme to address aflatoxin contamination in Malawi.,Malawi,Africa,LDC,Yes,Food Safety,"Luz Diaz
International Crops Research Institute for the Semi-Arid Tropics (ICRISAT)",,2012-10-11,2012,25/02/2013,2013,24-Aug-13,,24-Aug-13,2013,Final report approved (Sep-13). ,"Final report available on STDF website, shared with relevant  Ministries in Malawi and disseminated to stakeholders, donors and partners (Oct-13).","$46,265","$46,265",,,"$46,265",,,,,"Two separate contracts: Luz Diaz (US$31,285) & ICRISAT (US$14,980)",,,,,,,,,,
STDF/PPG/404,Marlynne,,,PPG,Awaiting,,Developing virus indexing capacity for planting materials in Malawi,Undertake a feasibility study to assess the viability of building capacity for indexing and production of virus-free planting materials for bananas in Malawi.,Malawi,Africa,LDC,Yes,Plant Health,"Department of Agricultural Research Services (DARS), Malawi",,2013-03-19,2013,TBD,TBD,TBD,,TBD,TBD,Consultants identified. Delays on contracting due to consultant search.,Decision by WG on request for extension to contract PPG.,"$31,096","$31,096",,,"$31,096",,,,,,,,,,,,,,,
STDF/PPG/432,Kenza,,,PPG,Awaiting,,Information systems for surveillance and pest reporting in Asia Pacific countries,Enable countries to implement international phytosanitary standards and to fulfil their SPS obligations mainly related to transparency and risk assessment.,Asia Pacific countries,Asia and Pacific,Non LDC/OLIC,No,Plant Health,Australia's Department of Agriculture Fisheries and Forestry (DAFF),,2013-03-19,2013,TBD,TBD,TBD,,TBD,TBD,Supporting letters requested by WG received (Sep-13). ,Decision by WG on request for extension to contract PPG.,"$49,990","$49,990",,,"$49,990",,,,,,,,,,,,,,,
